Date,PL,VaRBHS,VaREWMA,VaRn,VaRt,VaRPot,ESEWMA,ESn,ESt,ESPot
01/01/2005 00:00,190,,,,,,,,,
02/01/2005 00:00,190,,,,,,,,,
03/01/2005 00:00,-220,,,,,,,,,
05/01/2005 00:00,120,,,,,,,,,
06/01/2005 00:00,450,,,,,,,,,
08/01/2005 00:00,410,,,,,,,,,
09/01/2005 00:00,-40,,,,,,,,,
11/01/2005 00:00,-300,,,,,,,,,
12/01/2005 00:00,670,,,,,,,,,
14/01/2005 00:00,-180,,,,,,,,,
15/01/2005 00:00,490,,,,,,,,,
16/01/2005 00:00,-230,,,,,,,,,
18/01/2005 00:00,720,,,,,,,,,
19/01/2005 00:00,-1050,,,,,,,,,
21/01/2005 00:00,170,,,,,,,,,
22/01/2005 00:00,650,,,,,,,,,
24/01/2005 00:00,50,,,,,,,,,
25/01/2005 00:00,-340,,,,,,,,,
27/01/2005 00:00,-300,,,,,,,,,
28/01/2005 00:00,630,,,,,,,,,
29/01/2005 00:00,420,,,,,,,,,
31/01/2005 00:00,150,,,,,,,,,
01/02/2005 00:00,90,,,,,,,,,
03/02/2005 00:00,590,,,,,,,,,
04/02/2005 00:00,-350,,,,,,,,,
06/02/2005 00:00,480,,,,,,,,,
07/02/2005 00:00,210,,,,,,,,,
09/02/2005 00:00,-100,,,,,,,,,
10/02/2005 00:00,-550,,,,,,,,,
12/02/2005 00:00,200,,,,,,,,,
13/02/2005 00:00,440,,,,,,,,,
14/02/2005 00:00,350,,,,,,,,,
16/02/2005 00:00,-150,,,,,,,,,
17/02/2005 00:00,950,,,,,,,,,
19/02/2005 00:00,1050,,,,,,,,,
20/02/2005 00:00,180,,,,,,,,,
22/02/2005 00:00,0,,,,,,,,,
23/02/2005 00:00,0,,,,,,,,,
25/02/2005 00:00,70,,,,,,,,,
26/02/2005 00:00,20,,,,,,,,,
27/02/2005 00:00,450,,,,,,,,,
01/03/2005 00:00,170,,,,,,,,,
02/03/2005 00:00,-50,,,,,,,,,
04/03/2005 00:00,630,,,,,,,,,
05/03/2005 00:00,160,,,,,,,,,
07/03/2005 00:00,250,,,,,,,,,
08/03/2005 00:00,180,,,,,,,,,
10/03/2005 00:00,-160,,,,,,,,,
11/03/2005 00:00,20,,,,,,,,,
13/03/2005 00:00,220,,,,,,,,,
14/03/2005 00:00,220,,,,,,,,,
15/03/2005 00:00,80,,,,,,,,,
17/03/2005 00:00,-180,,,,,,,,,
18/03/2005 00:00,-110,,,,,,,,,
20/03/2005 00:00,210,,,,,,,,,
21/03/2005 00:00,190,,,,,,,,,
23/03/2005 00:00,-230,,,,,,,,,
24/03/2005 00:00,480,,,,,,,,,
26/03/2005 00:00,150,,,,,,,,,
27/03/2005 00:00,260,,,,,,,,,
28/03/2005 00:00,-100,,,,,,,,,
30/03/2005 00:00,-180,,,,,,,,,
31/03/2005 00:00,-370,,,,,,,,,
02/04/2005 00:00,40,,,,,,,,,
03/04/2005 00:00,100,,,,,,,,,
05/04/2005 00:00,20,,,,,,,,,
06/04/2005 00:00,-170,,,,,,,,,
08/04/2005 00:00,-50,,,,,,,,,
09/04/2005 00:00,140,,,,,,,,,
11/04/2005 00:00,-450,,,,,,,,,
12/04/2005 00:00,100,,,,,,,,,
13/04/2005 00:00,-640,,,,,,,,,
15/04/2005 00:00,-320,,,,,,,,,
16/04/2005 00:00,-120,,,,,,,,,
18/04/2005 00:00,100,,,,,,,,,
19/04/2005 00:00,120,,,,,,,,,
21/04/2005 00:00,-60,,,,,,,,,
22/04/2005 00:00,-50,,,,,,,,,
24/04/2005 00:00,-230,,,,,,,,,
25/04/2005 00:00,50,,,,,,,,,
26/04/2005 00:00,170,,,,,,,,,
28/04/2005 00:00,220,,,,,,,,,
29/04/2005 00:00,40,,,,,,,,,
01/05/2005 00:00,110,,,,,,,,,
02/05/2005 00:00,-190,,,,,,,,,
04/05/2005 00:00,-190,,,,,,,,,
05/05/2005 00:00,10,,,,,,,,,
07/05/2005 00:00,110,,,,,,,,,
08/05/2005 00:00,440,,,,,,,,,
10/05/2005 00:00,120,,,,,,,,,
11/05/2005 00:00,-120,,,,,,,,,
12/05/2005 00:00,250,,,,,,,,,
14/05/2005 00:00,130,,,,,,,,,
15/05/2005 00:00,-40,,,,,,,,,
17/05/2005 00:00,250,,,,,,,,,
18/05/2005 00:00,-100,,,,,,,,,
20/05/2005 00:00,-260,,,,,,,,,
21/05/2005 00:00,220,,,,,,,,,
23/05/2005 00:00,170,,,,,,,,,
24/05/2005 00:00,-20,,,,,,,,,
25/05/2005 00:00,-250,,,,,,,,,
27/05/2005 00:00,-220,,,,,,,,,
28/05/2005 00:00,60,,,,,,,,,
30/05/2005 00:00,90,,,,,,,,,
31/05/2005 00:00,-130,,,,,,,,,
02/06/2005 00:00,80,,,,,,,,,
03/06/2005 00:00,100,,,,,,,,,
05/06/2005 00:00,240,,,,,,,,,
06/06/2005 00:00,360,,,,,,,,,
08/06/2005 00:00,-30,,,,,,,,,
09/06/2005 00:00,-80,,,,,,,,,
10/06/2005 00:00,-60,,,,,,,,,
12/06/2005 00:00,-130,,,,,,,,,
13/06/2005 00:00,-50,,,,,,,,,
15/06/2005 00:00,-580,,,,,,,,,
16/06/2005 00:00,70,,,,,,,,,
18/06/2005 00:00,180,,,,,,,,,
19/06/2005 00:00,180,,,,,,,,,
21/06/2005 00:00,450,,,,,,,,,
22/06/2005 00:00,300,,,,,,,,,
23/06/2005 00:00,-150,,,,,,,,,
25/06/2005 00:00,-150,,,,,,,,,
26/06/2005 00:00,180,,,,,,,,,
28/06/2005 00:00,-460,,,,,,,,,
29/06/2005 00:00,-40,,,,,,,,,
01/07/2005 00:00,210,,,,,,,,,
02/07/2005 00:00,180,,,,,,,,,
04/07/2005 00:00,210,,,,,,,,,
05/07/2005 00:00,320,,,,,,,,,
07/07/2005 00:00,-40,,,,,,,,,
08/07/2005 00:00,-370,,,,,,,,,
09/07/2005 00:00,410,,,,,,,,,
11/07/2005 00:00,0,,,,,,,,,
12/07/2005 00:00,30,,,,,,,,,
14/07/2005 00:00,-120,,,,,,,,,
15/07/2005 00:00,30,,,,,,,,,
17/07/2005 00:00,-50,,,,,,,,,
18/07/2005 00:00,0,,,,,,,,,
20/07/2005 00:00,150,,,,,,,,,
21/07/2005 00:00,-50,,,,,,,,,
22/07/2005 00:00,0,,,,,,,,,
24/07/2005 00:00,230,,,,,,,,,
25/07/2005 00:00,-10,,,,,,,,,
27/07/2005 00:00,-160,,,,,,,,,
28/07/2005 00:00,150,,,,,,,,,
30/07/2005 00:00,100,,,,,,,,,
31/07/2005 00:00,0,,,,,,,,,
02/08/2005 00:00,0,,,,,,,,,
03/08/2005 00:00,-90,,,,,,,,,
05/08/2005 00:00,0,,,,,,,,,
06/08/2005 00:00,0,,,,,,,,,
07/08/2005 00:00,80,,,,,,,,,
09/08/2005 00:00,80,,,,,,,,,
10/08/2005 00:00,410,,,,,,,,,
12/08/2005 00:00,-220,,,,,,,,,
13/08/2005 00:00,-10,,,,,,,,,
15/08/2005 00:00,-140,,,,,,,,,
16/08/2005 00:00,140,,,,,,,,,
18/08/2005 00:00,-40,,,,,,,,,
19/08/2005 00:00,160,,,,,,,,,
20/08/2005 00:00,-40,,,,,,,,,
22/08/2005 00:00,30,,,,,,,,,
23/08/2005 00:00,-160,,,,,,,,,
25/08/2005 00:00,-40,,,,,,,,,
26/08/2005 00:00,10,,,,,,,,,
28/08/2005 00:00,100,,,,,,,,,
29/08/2005 00:00,-90,,,,,,,,,
31/08/2005 00:00,-40,,,,,,,,,
01/09/2005 00:00,-80,,,,,,,,,
03/09/2005 00:00,-40,,,,,,,,,
04/09/2005 00:00,140,,,,,,,,,
05/09/2005 00:00,110,,,,,,,,,
07/09/2005 00:00,180,,,,,,,,,
08/09/2005 00:00,-40,,,,,,,,,
10/09/2005 00:00,-40,,,,,,,,,
11/09/2005 00:00,60,,,,,,,,,
13/09/2005 00:00,30,,,,,,,,,
14/09/2005 00:00,-240,,,,,,,,,
16/09/2005 00:00,250,,,,,,,,,
17/09/2005 00:00,200,,,,,,,,,
18/09/2005 00:00,-60,,,,,,,,,
20/09/2005 00:00,20,,,,,,,,,
21/09/2005 00:00,300,,,,,,,,,
23/09/2005 00:00,50,,,,,,,,,
24/09/2005 00:00,-80,,,,,,,,,
26/09/2005 00:00,410,,,,,,,,,
27/09/2005 00:00,-80,,,,,,,,,
29/09/2005 00:00,220,,,,,,,,,
30/09/2005 00:00,260,,,,,,,,,
02/10/2005 00:00,300,,,,,,,,,
03/10/2005 00:00,110,,,,,,,,,
04/10/2005 00:00,110,,,,,,,,,
06/10/2005 00:00,50,,,,,,,,,
07/10/2005 00:00,30,,,,,,,,,
09/10/2005 00:00,30,,,,,,,,,
10/10/2005 00:00,220,,,,,,,,,
12/10/2005 00:00,30,,,,,,,,,
13/10/2005 00:00,220,,,,,,,,,
15/10/2005 00:00,-410,,,,,,,,,
16/10/2005 00:00,-100,,,,,,,,,
17/10/2005 00:00,-110,,,,,,,,,
19/10/2005 00:00,110,,,,,,,,,
20/10/2005 00:00,110,,,,,,,,,
22/10/2005 00:00,-370,,,,,,,,,
23/10/2005 00:00,300,,,,,,,,,
25/10/2005 00:00,-40,,,,,,,,,
26/10/2005 00:00,20,,,,,,,,,
28/10/2005 00:00,200,,,,,,,,,
29/10/2005 00:00,410,,,,,,,,,
31/10/2005 00:00,-280,,,,,,,,,
01/11/2005 00:00,410,,,,,,,,,
02/11/2005 00:00,200,,,,,,,,,
04/11/2005 00:00,-90,,,,,,,,,
05/11/2005 00:00,-80,,,,,,,,,
07/11/2005 00:00,-70,,,,,,,,,
08/11/2005 00:00,300,,,,,,,,,
10/11/2005 00:00,630,,,,,,,,,
11/11/2005 00:00,150,,,,,,,,,
13/11/2005 00:00,150,,,,,,,,,
14/11/2005 00:00,-370,,,,,,,,,
15/11/2005 00:00,150,,,,,,,,,
17/11/2005 00:00,20,,,,,,,,,
18/11/2005 00:00,-420,,,,,,,,,
20/11/2005 00:00,250,,,,,,,,,
21/11/2005 00:00,720,,,,,,,,,
23/11/2005 00:00,-640,,,,,,,,,
24/11/2005 00:00,350,,,,,,,,,
26/11/2005 00:00,160,,,,,,,,,
27/11/2005 00:00,530,,,,,,,,,
29/11/2005 00:00,200,,,,,,,,,
30/11/2005 00:00,-30,,,,,,,,,
01/12/2005 00:00,-210,,,,,,,,,
03/12/2005 00:00,-120,,,,,,,,,
04/12/2005 00:00,900,,,,,,,,,
06/12/2005 00:00,500,,,,,,,,,
07/12/2005 00:00,-220,,,,,,,,,
09/12/2005 00:00,-70,,,,,,,,,
10/12/2005 00:00,-70,,,,,,,,,
12/12/2005 00:00,80,,,,,,,,,
13/12/2005 00:00,-710,,,,,,,,,
14/12/2005 00:00,-50,,,,,,,,,
16/12/2005 00:00,-170,,,,,,,,,
17/12/2005 00:00,-100,,,,,,,,,
19/12/2005 00:00,30,,,,,,,,,
20/12/2005 00:00,-150,,,,,,,,,
22/12/2005 00:00,-50,,,,,,,,,
23/12/2005 00:00,50,,,,,,,,,
25/12/2005 00:00,140,,,,,,,,,
26/12/2005 00:00,-30,,,,,,,,,
28/12/2005 00:00,0,,,,,,,,,
29/12/2005 00:00,-90,,,,,,,,,
30/12/2005 00:00,-240,,,,,,,,,
01/01/2006 00:00,190,,,,,,,,,
02/01/2006 00:00,-30,,,,,,,,,
04/01/2006 00:00,220,,,,,,,,,
05/01/2006 00:00,-60,,,,,,,,,
07/01/2006 00:00,-620,,,,,,,,,
08/01/2006 00:00,220,,,,,,,,,
10/01/2006 00:00,200,,,,,,,,,
11/01/2006 00:00,360,,,,,,,,,
12/01/2006 00:00,240,,,,,,,,,
14/01/2006 00:00,-160,,,,,,,,,
15/01/2006 00:00,100,,,,,,,,,
17/01/2006 00:00,-170,,,,,,,,,
18/01/2006 00:00,-270,,,,,,,,,
20/01/2006 00:00,110,,,,,,,,,
21/01/2006 00:00,750,,,,,,,,,
23/01/2006 00:00,130,,,,,,,,,
24/01/2006 00:00,180,,,,,,,,,
26/01/2006 00:00,-370,,,,,,,,,
27/01/2006 00:00,90,,,,,,,,,
28/01/2006 00:00,-150,,,,,,,,,
30/01/2006 00:00,260,,,,,,,,,
31/01/2006 00:00,290,,,,,,,,,
02/02/2006 00:00,210,,,,,,,,,
03/02/2006 00:00,-20,,,,,,,,,
05/02/2006 00:00,230,,,,,,,,,
06/02/2006 00:00,40,,,,,,,,,
08/02/2006 00:00,130,,,,,,,,,
09/02/2006 00:00,-130,,,,,,,,,
10/02/2006 00:00,30,,,,,,,,,
12/02/2006 00:00,330,,,,,,,,,
13/02/2006 00:00,-150,,,,,,,,,
15/02/2006 00:00,240,,,,,,,,,
16/02/2006 00:00,-40,,,,,,,,,
18/02/2006 00:00,-40,,,,,,,,,
19/02/2006 00:00,150,,,,,,,,,
21/02/2006 00:00,240,,,,,,,,,
22/02/2006 00:00,40,,,,,,,,,
24/02/2006 00:00,0,,,,,,,,,
25/02/2006 00:00,-40,,,,,,,,,
26/02/2006 00:00,500,,,,,,,,,
28/02/2006 00:00,260,,,,,,,,,
01/03/2006 00:00,410,,,,,,,,,
03/03/2006 00:00,-180,,,,,,,,,
04/03/2006 00:00,250,,,,,,,,,
06/03/2006 00:00,890,,,,,,,,,
07/03/2006 00:00,850,,,,,,,,,
09/03/2006 00:00,250,,,,,,,,,
10/03/2006 00:00,410,,,,,,,,,
11/03/2006 00:00,120,,,,,,,,,
13/03/2006 00:00,-150,,,,,,,,,
14/03/2006 00:00,450,,,,,,,,,
16/03/2006 00:00,150,,,,,,,,,
17/03/2006 00:00,-830,,,,,,,,,
19/03/2006 00:00,330,,,,,,,,,
20/03/2006 00:00,140,,,,,,,,,
22/03/2006 00:00,110,,,,,,,,,
23/03/2006 00:00,-580,,,,,,,,,
25/03/2006 00:00,210,,,,,,,,,
26/03/2006 00:00,-360,,,,,,,,,
27/03/2006 00:00,0,,,,,,,,,
29/03/2006 00:00,-80,,,,,,,,,
30/03/2006 00:00,-390,,,,,,,,,
01/04/2006 00:00,1240,,,,,,,,,
02/04/2006 00:00,360,,,,,,,,,
04/04/2006 00:00,430,,,,,,,,,
05/04/2006 00:00,-150,,,,,,,,,
07/04/2006 00:00,630,,,,,,,,,
08/04/2006 00:00,-340,,,,,,,,,
09/04/2006 00:00,-260,,,,,,,,,
11/04/2006 00:00,-230,,,,,,,,,
12/04/2006 00:00,220,,,,,,,,,
14/04/2006 00:00,0,,,,,,,,,
15/04/2006 00:00,-130,,,,,,,,,
17/04/2006 00:00,350,,,,,,,,,
18/04/2006 00:00,0,,,,,,,,,
20/04/2006 00:00,-160,,,,,,,,,
21/04/2006 00:00,0,,,,,,,,,
23/04/2006 00:00,-110,,,,,,,,,
24/04/2006 00:00,40,,,,,,,,,
25/04/2006 00:00,10,,,,,,,,,
27/04/2006 00:00,310,,,,,,,,,
28/04/2006 00:00,-60,,,,,,,,,
30/04/2006 00:00,200,,,,,,,,,
01/05/2006 00:00,80,,,,,,,,,
03/05/2006 00:00,200,,,,,,,,,
04/05/2006 00:00,-60,,,,,,,,,
06/05/2006 00:00,220,,,,,,,,,
07/05/2006 00:00,250,,,,,,,,,
08/05/2006 00:00,820,,,,,,,,,
10/05/2006 00:00,-140,,,,,,,,,
11/05/2006 00:00,280,,,,,,,,,
13/05/2006 00:00,-170,,,,,,,,,
14/05/2006 00:00,780,,,,,,,,,
16/05/2006 00:00,-330,,,,,,,,,
17/05/2006 00:00,-150,,,,,,,,,
19/05/2006 00:00,440,,,,,,,,,
20/05/2006 00:00,-1180,,,,,,,,,
21/05/2006 00:00,-310,,,,,,,,,
23/05/2006 00:00,-150,,,,,,,,,
24/05/2006 00:00,650,,,,,,,,,
26/05/2006 00:00,-280,,,,,,,,,
27/05/2006 00:00,-580,,,,,,,,,
29/05/2006 00:00,250,,,,,,,,,
30/05/2006 00:00,-140,,,,,,,,,
01/06/2006 00:00,290,,,,,,,,,
02/06/2006 00:00,40,,,,,,,,,
04/06/2006 00:00,-750,,,,,,,,,
05/06/2006 00:00,290,,,,,,,,,
06/06/2006 00:00,1000,,,,,,,,,
08/06/2006 00:00,-700,,,,,,,,,
09/06/2006 00:00,-470,,,,,,,,,
11/06/2006 00:00,-770,,,,,,,,,
12/06/2006 00:00,0,,,,,,,,,
14/06/2006 00:00,-330,,,,,,,,,
15/06/2006 00:00,-190,,,,,,,,,
17/06/2006 00:00,-190,,,,,,,,,
18/06/2006 00:00,-120,,,,,,,,,
19/06/2006 00:00,90,,,,,,,,,
21/06/2006 00:00,-220,,,,,,,,,
22/06/2006 00:00,-40,,,,,,,,,
24/06/2006 00:00,0,,,,,,,,,
25/06/2006 00:00,-380,,,,,,,,,
27/06/2006 00:00,-430,,,,,,,,,
28/06/2006 00:00,20,,,,,,,,,
30/06/2006 00:00,-70,,,,,,,,,
01/07/2006 00:00,240,,,,,,,,,
03/07/2006 00:00,90,,,,,,,,,
04/07/2006 00:00,810,,,,,,,,,
05/07/2006 00:00,460,,,,,,,,,
07/07/2006 00:00,180,,,,,,,,,
08/07/2006 00:00,-270,,,,,,,,,
10/07/2006 00:00,60,,,,,,,,,
11/07/2006 00:00,290,,,,,,,,,
13/07/2006 00:00,110,,,,,,,,,
14/07/2006 00:00,50,,,,,,,,,
16/07/2006 00:00,30,,,,,,,,,
17/07/2006 00:00,-680,,,,,,,,,
18/07/2006 00:00,-810,,,,,,,,,
20/07/2006 00:00,-430,,,,,,,,,
21/07/2006 00:00,-150,,,,,,,,,
23/07/2006 00:00,90,,,,,,,,,
24/07/2006 00:00,180,,,,,,,,,
26/07/2006 00:00,30,,,,,,,,,
27/07/2006 00:00,-150,,,,,,,,,
29/07/2006 00:00,150,,,,,,,,,
30/07/2006 00:00,30,,,,,,,,,
01/08/2006 00:00,300,,,,,,,,,
02/08/2006 00:00,10,,,,,,,,,
03/08/2006 00:00,50,,,,,,,,,
05/08/2006 00:00,260,,,,,,,,,
06/08/2006 00:00,200,,,,,,,,,
08/08/2006 00:00,430,,,,,,,,,
09/08/2006 00:00,140,,,,,,,,,
11/08/2006 00:00,170,,,,,,,,,
12/08/2006 00:00,110,,,,,,,,,
14/08/2006 00:00,-100,,,,,,,,,
15/08/2006 00:00,70,,,,,,,,,
16/08/2006 00:00,30,,,,,,,,,
18/08/2006 00:00,90,,,,,,,,,
19/08/2006 00:00,90,,,,,,,,,
21/08/2006 00:00,250,,,,,,,,,
22/08/2006 00:00,130,,,,,,,,,
24/08/2006 00:00,0,,,,,,,,,
25/08/2006 00:00,-170,,,,,,,,,
27/08/2006 00:00,90,,,,,,,,,
28/08/2006 00:00,-60,,,,,,,,,
30/08/2006 00:00,90,,,,,,,,,
31/08/2006 00:00,110,,,,,,,,,
01/09/2006 00:00,60,,,,,,,,,
03/09/2006 00:00,-230,,,,,,,,,
04/09/2006 00:00,-60,,,,,,,,,
06/09/2006 00:00,0,,,,,,,,,
07/09/2006 00:00,50,,,,,,,,,
09/09/2006 00:00,480,,,,,,,,,
10/09/2006 00:00,960,,,,,,,,,
12/09/2006 00:00,490,,,,,,,,,
13/09/2006 00:00,-820,,,,,,,,,
14/09/2006 00:00,210,,,,,,,,,
16/09/2006 00:00,590,,,,,,,,,
17/09/2006 00:00,-790,,,,,,,,,
19/09/2006 00:00,110,,,,,,,,,
20/09/2006 00:00,-340,,,,,,,,,
22/09/2006 00:00,1350,,,,,,,,,
23/09/2006 00:00,-1440,,,,,,,,,
25/09/2006 00:00,-400,,,,,,,,,
26/09/2006 00:00,60,,,,,,,,,
28/09/2006 00:00,-2320,,,,,,,,,
29/09/2006 00:00,-1560,,,,,,,,,
30/09/2006 00:00,60,,,,,,,,,
02/10/2006 00:00,180,,,,,,,,,
03/10/2006 00:00,200,,,,,,,,,
05/10/2006 00:00,-150,,,,,,,,,
06/10/2006 00:00,540,,,,,,,,,
08/10/2006 00:00,220,,,,,,,,,
09/10/2006 00:00,-230,,,,,,,,,
11/10/2006 00:00,160,,,,,,,,,
12/10/2006 00:00,-60,,,,,,,,,
13/10/2006 00:00,-100,,,,,,,,,
15/10/2006 00:00,560,,,,,,,,,
16/10/2006 00:00,-140,,,,,,,,,
18/10/2006 00:00,-90,,,,,,,,,
19/10/2006 00:00,-320,,,,,,,,,
21/10/2006 00:00,180,,,,,,,,,
22/10/2006 00:00,480,,,,,,,,,
24/10/2006 00:00,180,,,,,,,,,
25/10/2006 00:00,-180,,,,,,,,,
27/10/2006 00:00,-30,,,,,,,,,
28/10/2006 00:00,-160,,,,,,,,,
29/10/2006 00:00,-60,,,,,,,,,
31/10/2006 00:00,180,,,,,,,,,
01/11/2006 00:00,970,,,,,,,,,
03/11/2006 00:00,460,,,,,,,,,
04/11/2006 00:00,40,,,,,,,,,
06/11/2006 00:00,230,,,,,,,,,
07/11/2006 00:00,550,,,,,,,,,
09/11/2006 00:00,340,,,,,,,,,
10/11/2006 00:00,-1410,,,,,,,,,
11/11/2006 00:00,220,,,,,,,,,
13/11/2006 00:00,-450,,,,,,,,,
14/11/2006 00:00,60,,,,,,,,,
16/11/2006 00:00,120,,,,,,,,,
17/11/2006 00:00,60,,,,,,,,,
19/11/2006 00:00,320,,,,,,,,,
20/11/2006 00:00,-290,,,,,,,,,
22/11/2006 00:00,230,,,,,,,,,
23/11/2006 00:00,250,,,,,,,,,
25/11/2006 00:00,-20,,,,,,,,,
26/11/2006 00:00,-500,,,,,,,,,
27/11/2006 00:00,-90,,,,,,,,,
29/11/2006 00:00,-30,,,,,,,,,
30/11/2006 00:00,-30,,,,,,,,,
02/12/2006 00:00,460,,,,,,,,,
03/12/2006 00:00,40,,,,,,,,,
05/12/2006 00:00,160,,,,,,,,,
06/12/2006 00:00,130,,,,,,,,,
08/12/2006 00:00,320,,,,,,,,,
09/12/2006 00:00,850,,,,,,,,,
10/12/2006 00:00,300,,,,,,,,,
12/12/2006 00:00,-100,,,,,,,,,
13/12/2006 00:00,-500,,,,,,,,,
15/12/2006 00:00,20,,,,,,,,,
16/12/2006 00:00,-440,,,,,,,,,
18/12/2006 00:00,-800,,,,,,,,,
19/12/2006 00:00,430,,,,,,,,,
21/12/2006 00:00,0,,,,,,,,,
22/12/2006 00:00,20,,,,,,,,,
24/12/2006 00:00,-210,,,,,,,,,
25/12/2006 00:00,430,,,,,,,,,
26/12/2006 00:00,-150,1115,1147.464693,777.5352964,986.872911,1391.726372,2544.116901,897.2154941,3209.017239,1924.333523
28/12/2006 00:00,150,1115,1144.195603,778.3218362,987.1048156,1391.726372,2540.137912,898.017553,3189.914672,1924.333523
29/12/2006 00:00,-20,1115,1117.460475,778.3349752,987.8859046,1391.726372,2506.63107,898.0209528,3203.255498,1924.333523
31/12/2006 00:00,30,1115,1085.901247,777.5031835,989.9764536,1391.726372,2468.406961,897.1262643,3261.771712,1924.333523
01/01/2007 00:00,30,1115,1053.756229,777.6458968,990.7977227,1391.726372,2431.278879,897.2635462,3270.873551,1924.333523
03/01/2007 00:00,200,1115,1021.701152,777.3930803,993.8678453,1391.726372,2391.877505,896.8515451,3349.147061,1924.333523
04/01/2007 00:00,-110,1115,990.6240632,777.0837169,994.9781595,1391.726372,2355.18349,896.4359394,3393.172268,1924.333523
06/01/2007 00:00,50,1115,966.5032383,777.332311,993.9841094,1391.726372,2326.891025,896.7003517,3367.117193,1924.333523
07/01/2007 00:00,160,1115,943.1222435,775.8561047,996.0590626,1391.726372,2300.318478,895.1110798,3449.972173,1924.333523
08/01/2007 00:00,50,1115,914.4001418,774.3544245,992.0944723,1391.726372,2267.44432,893.2420802,3451.80859,1924.333523
10/01/2007 00:00,140,1115,890.1751399,773.5671837,994.3974663,1391.726372,2240.031958,892.4071721,3523.494935,1924.333523
11/01/2007 00:00,120,1115,863.0665676,772.9956715,995.2899966,1391.726372,2209.14327,891.6504456,3586.138757,1924.333523
13/01/2007 00:00,20,1115,839.4095773,771.8438529,997.0383143,1391.726372,2181.04486,890.4328132,3664.559601,1924.333523
14/01/2007 00:00,-170,1115,815.5362463,770.1755015,992.8900356,1391.726372,2152.377565,888.3175117,3669.297622,1924.333523
16/01/2007 00:00,450,1005,783.0645967,760.7093652,973.4717819,1345.992843,2111.204161,877.7288648,3428.848905,1878.673602
17/01/2007 00:00,-280,1005,773.2861539,761.1583185,972.6457069,1345.992843,2099.510483,878.3247869,3377.688603,1878.673602
19/01/2007 00:00,280,1005,799.7827519,761.2265521,968.3578646,1345.992843,2133.246127,878.1320236,3323.733466,1878.673602
20/01/2007 00:00,100,1005,806.6665276,761.1500937,964.9491344,1345.992843,2141.692345,878.1114336,3258.295223,1878.673602
22/01/2007 00:00,-270,1005,798.6658171,759.3053058,965.7443676,1345.992843,2131.871232,876.1261104,3327.442481,1878.673602
23/01/2007 00:00,130,1005,775.2851037,759.1123433,965.4630553,1345.992843,2102.150599,875.91378,3327.274563,1878.673602
24/01/2007 00:00,550,1005,781.9441653,757.8248887,962.6875685,1345.992843,2110.044958,874.2931243,3344.735838,1878.673602
26/01/2007 00:00,50,1005,760.4113156,758.3459003,965.3025355,1345.992843,2082.673587,874.9279017,3369.106969,1878.673602
27/01/2007 00:00,260,1005,814.869478,758.4671652,966.6485333,1345.992843,2151.531944,875.0376976,3390.570411,1878.673602
29/01/2007 00:00,-40,1005,790.0557112,758.4335937,963.7537916,1345.992843,2120.93422,875.0487619,3331.643866,1878.673602
30/01/2007 00:00,-520,1005,780.18068,757.6983411,962.4362761,1345.992843,2107.79288,874.0228718,3356.842267,1878.673602
01/02/2007 00:00,-40,1005,758.6096717,759.1358906,966.2860283,1367.971714,2080.111488,875.6202953,3399.91832,1900.630809
02/02/2007 00:00,70,1005,831.1032063,758.9055873,967.5056194,1367.971714,2171.244791,875.2049539,3454.574434,1900.630809
04/02/2007 00:00,-10,1005,807.8466694,758.9941723,969.9373569,1367.971714,2142.788711,875.2656565,3502.688772,1900.630809
05/02/2007 00:00,150,1005,783.4382625,758.6988373,971.1655,1367.971714,2111.768502,874.9535213,3539.262645,1900.630809
06/02/2007 00:00,480,1005,760.4772441,755.0116326,966.0112842,1344.783229,2082.795752,870.933152,3539.079284,1877.474751
08/02/2007 00:00,50,1005,740.8825884,755.5914639,966.7302754,1344.783229,2056.465286,871.6790163,3508.091998,1877.474751
09/02/2007 00:00,510,1005,778.0872121,755.2878592,969.2442556,1344.783229,2105.233293,871.2175688,3595.22223,1877.474751
11/02/2007 00:00,-380,1005,754.3944749,755.8161332,971.8052827,1344.783229,2073.976541,871.8694063,3615.163164,1877.474751
12/02/2007 00:00,150,1005,798.2146434,757.2325897,973.3544184,1344.783229,2131.296195,873.4251845,3603.555908,1877.474751
14/02/2007 00:00,70,1005,826.7841254,753.2618885,960.5566739,1344.783229,2166.555906,868.6430299,3480.843217,1877.474751
15/02/2007 00:00,310,1005,804.8842029,748.184455,946.292841,1344.783229,2139.566853,862.540492,3345.726091,1877.474751
17/02/2007 00:00,0,1005,780.5667874,748.2978994,944.7703978,1344.783229,2108.199187,862.708334,3303.844427,1877.474751
18/02/2007 00:00,-190,1005,778.4683137,748.2978994,944.7703978,1344.783229,2105.669874,862.708334,3303.844427,1877.474751
20/02/2007 00:00,100,1005,755.35869,749.0240015,942.6389472,1344.783229,2075.461221,863.4848509,3239.414968,1877.474751
21/02/2007 00:00,390,1005,749.7496449,748.9839633,942.2923776,1344.783229,2068.418369,863.4477203,3234.520199,1877.474751
22/02/2007 00:00,240,1005,727.921004,749.1004438,939.2986387,1344.783229,2039.388849,863.6889597,3162.023871,1877.474751
24/02/2007 00:00,260,1005,744.5819144,748.6292262,938.5327463,1344.783229,2061.451813,863.0879233,3178.519341,1877.474751
25/02/2007 00:00,-110,1005,734.3065459,748.6700235,937.1626592,1344.783229,2047.685846,863.160883,3148.403266,1877.474751
27/02/2007 00:00,-40,1005,727.1855921,748.8870982,936.3615283,1344.783229,2038.304982,863.392098,3127.243875,1877.474751
28/02/2007 00:00,0,1005,712.913666,747.8341981,933.5924346,1344.783229,2017.49986,861.9906373,3132.654009,1877.474751
02/03/2007 00:00,-80,1005,693.5984397,748.0561017,934.9977843,1344.783229,1989.754535,862.1982517,3150.204882,1877.474751
03/03/2007 00:00,80,1005,673.1483327,748.4886572,936.9770179,1344.783229,1959.517729,862.5976765,3174.841709,1877.474751
05/03/2007 00:00,330,1005,658.1701339,748.5568171,938.6616147,1344.783229,1939.385009,862.6466321,3204.467391,1877.474751
06/03/2007 00:00,-470,1005,638.5953184,747.9148422,937.2503975,1344.783229,1911.650494,862.0538955,3190.314613,1877.474751
07/03/2007 00:00,170,1005,649.4738968,750.6573597,938.9222706,1336.433064,1927.161579,865.0531492,3149.798014,1881.156883
09/03/2007 00:00,120,1005,721.737895,750.6466167,939.7908153,1336.433064,2030.69183,865.0262748,3167.618486,1881.156883
10/03/2007 00:00,-40,1005,705.0636482,750.6594153,941.5953292,1336.433064,2006.803315,865.0118049,3202.673705,1881.156883
12/03/2007 00:00,150,1005,685.5661596,750.9230556,941.3863099,1336.433064,1978.140361,865.2788887,3188.900546,1881.156883
13/03/2007 00:00,-40,1005,667.1795529,750.0374954,942.1293441,1336.433064,1951.679897,864.3604724,3232.276553,1881.156883
15/03/2007 00:00,50,1005,650.9237681,749.7912095,943.1155215,1336.433064,1929.048535,864.0987044,3259.09769,1881.156883
16/03/2007 00:00,420,1005,633.724941,749.9006211,945.6443601,1336.433064,1904.384514,864.1774408,3305.32692,1881.156883
18/03/2007 00:00,-460,1005,614.4325508,750.2991199,945.1790648,1336.433064,1876.054818,864.7009923,3265.962752,1881.156883
19/03/2007 00:00,40,1005,649.1489816,751.9646448,948.7701539,1336.433064,1926.690386,866.5421195,3293.388599,1881.156883
21/03/2007 00:00,-720,1005,718.1339635,751.4734566,950.4372253,1336.433064,2025.676987,865.8511978,3364.777943,1881.156883
22/03/2007 00:00,550,1005,713.5281857,757.023916,960.2968568,1375.087121,2018.389097,871.9567059,3430.447835,1907.70057
23/03/2007 00:00,310,1005,875.8893471,757.928208,963.636003,1375.087121,2224.559611,873.0772066,3443.22276,1907.70057
25/03/2007 00:00,430,1005,920.6959602,757.513164,961.3448508,1375.087121,2274.46036,872.7211503,3404.807387,1907.70057
26/03/2007 00:00,-200,1005,912.0180664,757.0539012,960.9469208,1375.087121,2264.649819,872.3727,3394.702016,1907.70057
28/03/2007 00:00,240,1005,924.9297712,755.9687907,959.4106596,1375.087121,2279.341141,871.1790533,3394.938114,1907.70057
29/03/2007 00:00,1000,1005,913.0257067,755.8562587,956.2465594,1375.087121,2265.580529,871.1083952,3334.620281,1907.70057
31/03/2007 00:00,-1330,1005,895.8650584,760.3688899,969.3106573,1375.087121,2246.114045,876.5405528,3449.784199,1907.70057
01/04/2007 00:00,0,1255,1114.207329,775.6518307,993.1164095,1416.30755,2502.515931,893.6563816,3725.007473,1961.171211
03/04/2007 00:00,-720,1255,1458.652705,775.0395193,995.4831677,1416.30755,2922.132554,893.0044041,3802.549702,1961.171211
04/04/2007 00:00,110,1255,1414.565766,780.1315679,1004.464227,1448.700359,2868.412068,898.6429931,3869.809456,1980.956279
05/04/2007 00:00,-600,1255,1475.802758,780.1549472,1005.067204,1448.700359,2944.843938,898.6610381,3882.804146,1980.956279
07/04/2007 00:00,-810,1255,1431.616288,781.5704849,1009.201997,1491.806125,2890.451674,900.23907,3945.233304,2023.949382
08/04/2007 00:00,90,1255,1462.064046,788.0677006,1020.409947,1497.191175,2926.715103,907.4175901,4032.926885,2055.3879
10/04/2007 00:00,50,1255,1542.897294,783.6357317,1014.320085,1498.923395,3024.634885,902.5527107,4031.587367,2030.828359
11/04/2007 00:00,190,1255,1496.253004,782.0689822,1016.539114,1498.923395,2968.884759,900.8655332,4156.125145,2030.828359
13/04/2007 00:00,-420,1255,1450.677256,781.4539704,1016.186256,1498.923395,2912.34531,900.251248,4177.704805,2030.828359
14/04/2007 00:00,-1250,1255,1410.330002,783.8315016,1016.433808,1498.923395,2863.508589,902.82361,4083.522283,2030.828359
16/04/2007 00:00,80,1290,1406.866425,797.3534454,1039.591903,1527.190197,2859.212638,917.9161005,4403.382955,2084.677279
17/04/2007 00:00,-810,1290,1646.998887,797.0359106,1040.481636,1527.190197,3146.548335,917.5930983,4447.477198,2084.677279
19/04/2007 00:00,220,1290,1597.030217,803.1229335,1052.163735,1553.707948,3085.864601,924.3453743,4578.09989,2096.72453
20/04/2007 00:00,-260,1290,1663.921226,802.0204071,1052.300592,1553.707948,3166.515934,923.213347,4642.036289,2096.72453
21/04/2007 00:00,-250,1290,1618.104644,803.1844283,1049.049235,1553.707948,3109.673171,924.4566128,4483.995975,2096.72453
23/04/2007 00:00,30,1290,1583.734372,804.4015345,1047.828003,1553.707948,3071.607689,925.7286499,4386.524913,2096.72453
24/04/2007 00:00,-90,1290,1549.750244,804.5423393,1051.038914,1553.707948,3031.76196,925.8346125,4469.368053,2096.72453
26/04/2007 00:00,20,1290,1502.572175,804.8920919,1049.297106,1553.707948,2974.738085,926.1974389,4401.523668,2096.72453
27/04/2007 00:00,100,1290,1459.933903,805.0284769,1050.010749,1553.707948,2923.988161,926.3274707,4412.12157,2096.72453
29/04/2007 00:00,170,1290,1415.562651,804.1727503,1052.645761,1553.707948,2869.774043,925.4315806,4533.102842,2096.72453
30/04/2007 00:00,-250,1290,1373.018448,803.2715011,1053.791171,1553.707948,2818.179606,924.5039298,4617.863178,2096.72453
02/05/2007 00:00,-220,1290,1334.217606,804.2952957,1050.556892,1553.707948,2772.856248,925.6011093,4470.321892,2096.72453
03/05/2007 00:00,180,1290,1310.470357,805.3125718,1047.962913,1553.707948,2746.065252,926.6704279,4345.670689,2096.72453
04/05/2007 00:00,-70,1290,1284.436328,804.8760749,1048.942367,1553.707948,2714.208404,926.0946033,4424.351285,2096.72453
06/05/2007 00:00,-170,1290,1249.075702,805.2612996,1048.556103,1553.707948,2670.694804,926.4805892,4390.871573,2096.72453
07/05/2007 00:00,-150,1290,1213.754747,805.4732877,1047.851652,1553.707948,2626.775588,926.7088899,4361.466009,2096.72453
09/05/2007 00:00,360,1290,1186.645611,806.1503717,1048.885206,1553.707948,2593.852013,927.3680695,4358.649289,2096.72453
10/05/2007 00:00,0,1290,1158.794982,806.3458245,1045.874707,1553.707948,2559.025557,927.6589985,4250.482495,2096.72453
12/05/2007 00:00,-160,1290,1145.870967,806.2415919,1046.402345,1553.707948,2542.080479,927.551236,4269.663544,2096.72453
13/05/2007 00:00,70,1290,1111.407987,806.9609384,1047.376364,1553.707948,2498.677156,928.2559209,4263.5374,2096.72453
15/05/2007 00:00,-70,1290,1087.338785,806.5303523,1048.998187,1553.707948,2469.851195,927.8121396,4329.237212,2096.72453
16/05/2007 00:00,130,1290,1054.376187,805.6768404,1050.935262,1553.707948,2432.061592,926.8896537,4422.215185,2096.72453
18/05/2007 00:00,-50,1290,1025.489385,805.6824797,1053.035031,1553.707948,2397.344561,926.8698949,4484.037051,2096.72453
19/05/2007 00:00,-150,1290,996.1360297,806.0251367,1054.367924,1553.707948,2362.268095,927.1983724,4501.170131,2096.72453
20/05/2007 00:00,440,1290,968.1184547,806.4727558,1052.040388,1553.707948,2328.927757,927.673321,4412.966591,2096.72453
22/05/2007 00:00,-90,1290,948.7801718,805.7106756,1051.917425,1553.707948,2307.45651,927.0012498,4417.840781,2096.72453
23/05/2007 00:00,20,1290,962.2532718,805.1422961,1053.537061,1553.707948,2321.740878,926.3879504,4490.920074,2096.72453
25/05/2007 00:00,160,1290,937.8287298,805.2156145,1053.61532,1553.707948,2294.067774,926.4602955,4488.212823,2096.72453
26/05/2007 00:00,-110,1290,909.4209142,805.164803,1052.088457,1553.707948,2262.039993,926.4224756,4448.211219,2096.72453
28/05/2007 00:00,370,1290,885.5850215,805.0864203,1052.440149,1553.707948,2234.922238,926.3385019,4461.943627,2096.72453
29/05/2007 00:00,290,1290,865.612413,805.2519107,1048.443172,1553.707948,2212.326425,926.6125838,4324.250821,2096.72453
31/05/2007 00:00,0,1290,870.8480737,805.2846283,1044.799182,1553.707948,2218.926731,926.7054197,4218.934075,2096.72453
01/06/2007 00:00,-90,1290,862.3487658,805.4774216,1048.29639,1553.707948,2208.289082,926.8563772,4301.951945,2096.72453
02/06/2007 00:00,-160,1290,836.6691863,805.746682,1051.109015,1553.707948,2177.879907,927.0337612,4379.56426,2096.72453
04/06/2007 00:00,-140,1290,816.7996429,806.2128484,1048.895718,1553.707948,2153.777508,927.5299587,4297.95908,2096.72453
05/06/2007 00:00,-140,1290,805.185407,806.4395549,1047.845422,1553.707948,2139.985214,927.7722086,4260.059308,2096.72453
07/06/2007 00:00,-70,1290,791.6221659,806.7312486,1046.440716,1553.707948,2122.675543,928.0830854,4210.646312,2096.72453
08/06/2007 00:00,220,1290,778.657332,806.5124959,1047.509966,1553.707948,2105.950618,927.849948,4248.008203,2096.72453
10/06/2007 00:00,-20,1290,759.3093503,806.1772413,1045.035383,1553.707948,2081.086763,927.5445174,4200.680737,2096.72453
11/06/2007 00:00,510,1290,736.0976501,802.6659636,1040.977215,1553.707948,2049.814604,923.6849154,4224.629783,2096.72453
13/06/2007 00:00,600,1290,715.0938845,803.2861621,1039.356005,1553.707948,2020.74515,924.5236396,4121.220064,2096.72453
14/06/2007 00:00,210,1290,766.8054578,804.4171255,1042.098904,1553.707948,2091.012301,925.9417025,4100.156781,2096.72453
16/06/2007 00:00,-80,1290,839.9325656,804.4215152,1041.430633,1553.707948,2181.712266,925.9554715,4082.592184,2096.72453
17/06/2007 00:00,510,1290,822.6582082,804.4087676,1043.397625,1553.707948,2161.13151,925.7864626,4155.53702,2096.72453
18/06/2007 00:00,-570,1290,802.3536499,805.015654,1045.749907,1553.707948,2136.386003,926.54293,4162.264075,2096.72453
20/06/2007 00:00,700,1290,844.0722712,807.9760639,1051.459813,1553.707948,2186.897934,929.8122083,4203.97124,2096.72453
21/06/2007 00:00,-390,1290,925.2701134,808.9798155,1057.047929,1553.707948,2279.630965,931.2098006,4260.813547,2096.72453
23/06/2007 00:00,-210,1290,1008.682019,811.1106282,1057.954504,1553.707948,2377.277778,933.4849396,4194.171759,2096.72453
24/06/2007 00:00,370,1290,1024.470611,809.4342254,1054.811975,1553.707948,2395.66552,931.6371767,4176.572488,2096.72453
26/06/2007 00:00,-500,1290,1009.198107,809.3299447,1050.899778,1553.707948,2377.828564,931.6371508,4073.16365,2096.72453
27/06/2007 00:00,240,1290,1004.929394,812.34974,1055.027146,1553.707948,2373.11491,934.8899796,4062.339243,2096.72453
29/06/2007 00:00,-200,1290,1046.722173,812.3697676,1053.734163,1553.707948,2422.907498,934.9304042,4028.850667,2096.72453
30/06/2007 00:00,470,1290,1024.141048,813.3145344,1053.859066,1553.707948,2395.346032,935.8933451,3993.224678,2096.72453
01/07/2007 00:00,0,1290,1007.662423,813.7230466,1055.17076,1553.707948,2376.33402,936.4050624,3990.814674,2096.72453
03/07/2007 00:00,210,1290,1021.830915,813.6180438,1055.627925,1553.707948,2392.036728,936.2964176,4005.810004,2096.72453
04/07/2007 00:00,-500,1290,991.1864841,811.6423326,1054.484261,1553.707948,2355.994209,934.2018862,4054.06593,2096.72453
06/07/2007 00:00,-490,1290,968.0457754,814.3279108,1059.626813,1553.707948,2328.927757,937.0135484,4099.85549,2096.72453
07/07/2007 00:00,-1180,1290,1013.520139,817.0250968,1060.217919,1553.707948,2382.481235,939.9608675,4020.39535,2096.72453
09/07/2007 00:00,-1380,1290,1067.23827,828.7348746,1080.175129,1605.749162,2447.2379,953.0238363,4251.086848,2134.4734
10/07/2007 00:00,-4750,1355,1370.597857,843.5504306,1107.220002,1662.484742,2814.436003,969.6304185,4672.699268,2188.502004
12/07/2007 00:00,-1140,1395,1763.488099,985.3848058,1176.02319,1763.68714,3293.60822,1130.732477,6230.628472,2752.065722
13/07/2007 00:00,-520,1395,4015.493149,994.7227683,1196.231091,1816.353746,6339.867835,1141.113101,6682.773077,2810.034518
15/07/2007 00:00,-1030,1395,3995.250749,997.2753267,1197.339164,1816.353746,6307.369985,1143.885985,6497.959948,2810.034518
16/07/2007 00:00,-410,1395,3897.058356,1005.316158,1215.406744,1862.099634,6153.101294,1152.754312,6866.874986,2859.275068
17/07/2007 00:00,440,1395,3865.030663,1006.948024,1214.173501,1862.099634,6110.196435,1154.519004,6639.385621,2859.275068
19/07/2007 00:00,-1230,1395,3763.055023,1007.072811,1209.936264,1862.099634,5945.419364,1154.790153,6372.103276,2859.275068
20/07/2007 00:00,-1420,1395,3660.735215,1017.856314,1235.198817,1900.929202,5793.11908,1166.71909,7006.973179,2903.607741
22/07/2007 00:00,-1130,1415,3678.21811,1031.359686,1261.44554,1942.843213,5816.812195,1181.77865,7742.152549,2952.960441
23/07/2007 00:00,-480,1415,3734.797592,1039.853048,1283.830869,1939.56068,5904.064953,1191.226605,8564.280475,2973.80058
25/07/2007 00:00,210,1415,3728.745112,1042.188878,1284.651986,1939.56068,5895.015361,1193.719145,8257.742137,2973.80058
26/07/2007 00:00,-2560,1415,3636.905881,1042.148696,1281.581674,1939.56068,5754.56084,1193.705156,8050.226089,2973.80058
28/07/2007 00:00,1100,1430,3528.352512,1080.772453,1329.211644,2067.294682,5591.495444,1237.209222,10340.60542,3105.051645
29/07/2007 00:00,-420,1430,3949.336582,1084.728042,1344.205021,2067.294682,6240.446425,1242.061461,10900.18908,3105.051645
30/07/2007 00:00,-760,1430,3911.755202,1086.216281,1343.433883,2067.294682,6175.543652,1243.670346,10415.81959,3105.051645
01/08/2007 00:00,-1550,1430,3808.860917,1090.584122,1350.703567,2087.728251,6017.815295,1248.453016,10322.64874,3125.542277
02/08/2007 00:00,1950,1495,3742.770735,1105.511041,1380.03092,2133.218825,5915.193311,1265.102697,12028.15533,3176.848384
04/08/2007 00:00,-270,1495,3824.57346,1120.547631,1416.195272,2133.218825,6043.436585,1282.874371,15580.19835,3176.848384
05/08/2007 00:00,-70,1495,3979.464964,1121.549012,1410.976366,2133.218825,6285.629319,1283.919652,13808.6207,3176.848384
07/08/2007 00:00,-1610,1495,3865.570135,1121.68049,1415.11639,2133.218825,6110.769447,1283.930443,14942.44828,3176.848384
08/08/2007 00:00,330,1555,3748.806414,1136.652908,1451.349528,2185.753248,5926.907628,1300.678865,24063.88017,3235.154541
10/08/2007 00:00,-1490,1555,3844.711284,1136.530317,1445.266753,2185.753248,6075.631615,1300.637468,19873.47875,3235.154541
11/08/2007 00:00,440,1555,3733.878888,1149.627594,1477.447625,2231.522241,5902.553289,1315.249259,40805.57356,3285.152835
13/08/2007 00:00,480,1555,3802.244904,1149.892379,1473.401986,2231.522241,6007.037616,1315.640013,27536.91723,3285.152835
14/08/2007 00:00,-1960,1555,3698.604673,1149.999187,1469.264258,2231.522241,5845.687662,1315.913871,22052.36141,3285.152835
15/08/2007 00:00,-2500,1585,3601.116706,1172.003756,1411.406208,2293.816082,5703.462606,1340.506107,12832.30254,3354.84783
17/08/2007 00:00,-370,1785,3807.469877,1205.455213,1409.074483,2324.396727,6014.574678,1378.113585,12813.90568,3445.457144
18/08/2007 00:00,-850,1785,4164.67817,1206.802103,1421.339892,2324.396727,6567.233015,1379.540137,12916.41003,3445.457144
20/08/2007 00:00,-1520,1785,4049.982046,1211.228495,1425.484404,2354.186537,6396.544634,1384.410281,12954.80501,3449.543778
21/08/2007 00:00,-270,1785,3984.639701,1224.354398,1429.526975,2414.864343,6293.91246,1399.016995,12991.43403,3489.054378
23/08/2007 00:00,-1260,1785,4041.01757,1225.17887,1439.980936,2414.864343,6380.34353,1399.879991,13078.29223,3489.054378
24/08/2007 00:00,-2020,1785,3925.136071,1234.678221,1447.961022,2442.924045,6195.889496,1410.366852,13143.69045,3518.313857
26/08/2007 00:00,-830,1990,3931.803821,1256.189092,1447.017468,2509.996717,6208.58523,1434.448829,13138.63235,3589.195325
27/08/2007 00:00,-340,1990,4120.509952,1260.578903,1457.059181,2509.996717,6503.408617,1439.247931,13225.98813,3589.195325
28/08/2007 00:00,-2110,1990,4049.532661,1261.502852,1465.970553,2509.996717,6396.544634,1440.23072,13302.11553,3589.195325
30/08/2007 00:00,-1000,2065,3936.943186,1284.4978,1466.944116,2665.009669,6214.661593,1465.972165,13312.65327,3747.364026
31/08/2007 00:00,0,2065,4151.465674,1290.644193,1476.852038,2740.009669,6547.928171,1472.681755,13392.67877,3822.364026
02/09/2007 00:00,-670,2065,4102.037412,1290.772498,1477.090221,2740.009669,6472.695851,1472.796703,13390.54282,3822.364026
03/09/2007 00:00,-440,2065,3977.213133,1293.969102,1488.156499,2740.009669,6282.453344,1476.211309,13478.21974,3822.364026
05/09/2007 00:00,-1640,2065,3893.842392,1295.451108,1500.271718,2740.009669,6148.413566,1477.792659,13581.33563,3822.364026
06/09/2007 00:00,-1050,2065,3793.004406,1309.620015,1504.826208,2830.411556,5988.35689,1493.559346,13622.44059,3913.740436
08/09/2007 00:00,-1250,2065,3892.641528,1316.094594,1516.27588,2840.411556,6147.828296,1500.653666,13718.59158,3923.740436
09/09/2007 00:00,-170,2065,3864.068733,1324.771598,1526.066336,2890.223956,6107.334804,1510.221701,13801.93234,3973.697236
10/09/2007 00:00,-410,2065,3872.600181,1324.540102,1523.296837,2890.223956,6119.388003,1509.976878,13778.26147,3973.697236
12/09/2007 00:00,500,2065,3758.12903,1326.016631,1532.195793,2890.223956,5940.255334,1511.476207,13843.92635,3973.697236
13/09/2007 00:00,100,2065,3659.856634,1326.444852,1540.349501,2890.223956,5791.708025,1512.054204,13916.22522,3973.697236
15/09/2007 00:00,2470,2065,3565.146292,1326.222982,1537.937632,2890.223956,5649.682048,1511.846627,13901.09596,3973.697236
16/09/2007 00:00,430,2065,3456.797374,1348.034137,1539.184242,2890.223956,5486.771949,1537.54865,13915.44826,3973.697236
18/09/2007 00:00,-1510,2065,3822.6569,1348.220398,1542.582419,2890.223956,6040.143328,1537.799916,13945.25103,3973.697236
19/09/2007 00:00,-1040,2065,3717.726047,1360.172376,1550.988288,2930.445645,5875.593822,1551.038399,14016.18568,4014.387976
21/09/2007 00:00,-850,2065,3792.017747,1366.132061,1559.607484,2930.445645,5986.237371,1557.586523,14092.3917,4014.387976
22/09/2007 00:00,1230,2065,3767.180981,1370.386798,1563.206784,2930.445645,5953.193086,1562.093949,14113.2019,4014.387976
24/09/2007 00:00,-300,2065,3714.740051,1374.528779,1569.404565,2930.445645,5871.639226,1567.220912,14175.44394,4014.387976
25/09/2007 00:00,-1360,2065,3712.025751,1375.516767,1578.051511,2930.445645,5868.678873,1568.201323,14238.57624,4014.387976
26/09/2007 00:00,180,2065,3608.3774,1385.32393,1582.262197,2920.65966,5715.520754,1578.965089,14266.76771,4029.464872
28/09/2007 00:00,150,2065,3656.706553,1385.274034,1577.51068,2920.65966,5786.544468,1578.872965,14223.72156,4029.464872
29/09/2007 00:00,-680,2065,3546.804719,1385.254796,1578.665289,2920.65966,5620.732404,1578.862578,14235.03608,4029.464872
01/10/2007 00:00,550,2065,3439.691584,1388.304308,1593.804899,2920.65966,5461.081142,1582.126146,14359.2259,4029.464872
02/10/2007 00:00,960,2065,3379.752595,1388.759244,1606.658149,2920.65966,5378.18116,1582.793015,14476.91252,4029.464872
04/10/2007 00:00,-1470,2065,3299.147941,1391.063143,1618.922015,2920.65966,5258.692077,1585.703446,14588.83402,4029.464872
05/10/2007 00:00,720,2065,3273.096374,1402.118774,1628.711788,2994.568416,5220.531991,1597.932496,14672.11608,4078.997824
07/10/2007 00:00,1640,2065,3374.474868,1403.244351,1637.898706,2994.568416,5370.984879,1599.367695,14752.26771,4078.997824
08/10/2007 00:00,-730,2065,3311.53552,1411.52047,1645.66928,2994.568416,5272.392122,1609.31839,14823.83328,4078.997824
09/10/2007 00:00,-200,2065,3430.917097,1414.940402,1657.595689,2994.568416,5449.334635,1612.959722,14917.12464,4078.997824
11/10/2007 00:00,-350,2065,3377.733514,1414.102011,1651.317297,2994.568416,5375.298628,1612.060386,14862.62243,4078.997824
12/10/2007 00:00,-280,2065,3280.054398,1414.940441,1661.47042,2994.568416,5234.22949,1612.948113,14948.89791,4078.997824
14/10/2007 00:00,-1150,2065,3194.124408,1415.469271,1669.196641,2994.568416,5110.209595,1613.50445,15014.17045,4078.997824
15/10/2007 00:00,-410,2065,3106.543071,1422.633173,1681.98343,2994.568416,4982.241909,1621.344803,15119.35884,4078.997824
17/10/2007 00:00,30,2065,3144.920851,1424.049408,1697.356777,2994.568416,5036.456905,1622.815842,15243.4255,4078.997824
18/10/2007 00:00,-1250,2065,3068.472639,1422.896788,1682.147273,2994.568416,4933.118542,1621.611858,15117.90982,4078.997824
20/10/2007 00:00,-480,2065,2975.013738,1431.098061,1687.04543,3030.36829,4812.686764,1630.556206,15150.82598,4114.814965
21/10/2007 00:00,1620,2065,3046.560513,1432.667082,1702.420925,3030.36829,4903.252338,1632.225593,15280.80447,4114.814965
23/10/2007 00:00,-480,2065,2980.334845,1440.582081,1710.848719,3030.36829,4820.356641,1641.759653,15358.47283,4114.814965
24/10/2007 00:00,200,2065,3126.646198,1442.368352,1724.391834,3030.36829,5006.993345,1643.608016,15464.19445,4114.814965
25/10/2007 00:00,50,2065,3057.305701,1442.18476,1716.745372,3030.36829,4915.59755,1643.336502,15395.98188,4114.814965
27/10/2007 00:00,480,2065,2966.522311,1441.384617,1703.676464,3030.36829,4801.868681,1642.515945,15290.17484,4114.814965
28/10/2007 00:00,500,2065,2876.15359,1441.52254,1705.123468,3030.36829,4682.137195,1642.694352,15302.64484,4114.814965
30/10/2007 00:00,-280,2065,2808.036591,1441.888497,1714.609904,3030.36829,4598.41108,1643.201015,15386.69486,4114.814965
31/10/2007 00:00,-1520,2065,2744.331587,1442.454789,1723.773616,3030.36829,4521.744409,1643.794442,15463.63075,4114.814965
02/11/2007 00:00,410,2065,2672.04032,1453.651961,1731.394665,2969.391681,4427.853194,1656.203131,15531.53415,4106.083453
03/11/2007 00:00,-370,2065,2848.951065,1453.562639,1739.930711,2969.391681,4651.077139,1656.240636,15616.67151,4106.083453
05/11/2007 00:00,-1860,2065,2776.04713,1454.757291,1748.000551,2969.391681,4559.814848,1657.414117,15672.7402,4106.083453
06/11/2007 00:00,-1420,2065,2709.711123,1470.353443,1741.727405,3038.61096,4475.427078,1674.556665,15609.92884,4148.940336
07/11/2007 00:00,-2880,2065,2997.394987,1480.338713,1752.265874,3089.357115,4844.131655,1685.539048,15694.5197,4174.69369
09/11/2007 00:00,4000,2215,3110.706673,1516.184386,1752.378483,3208.657293,4988.046292,1725.723437,15690.75186,4295.284339
10/11/2007 00:00,690,2215,3742.581928,1568.368831,1733.343946,3208.657293,5915.193311,1786.782412,15535.43836,4295.284339
12/11/2007 00:00,1550,2215,4706.911115,1569.195241,1746.317316,3208.657293,7460.246146,1787.886518,15650.13799,4295.284339
13/11/2007 00:00,-1130,2215,4589.700035,1575.515307,1756.606188,3208.657293,7270.223587,1795.572926,15744.02169,4295.284339
15/11/2007 00:00,-1800,2215,4593.907012,1580.547341,1755.036039,3208.657293,7272.420173,1801.131106,15733.87289,4295.284339
16/11/2007 00:00,2660,2215,4541.970121,1594.988188,1759.072297,3278.275466,7197.975653,1817.078247,15760.54687,4364.58571
18/11/2007 00:00,1580,2215,4620.059234,1615.183531,1747.901745,3278.275466,7310.11274,1840.780514,15660.19576,4364.58571
19/11/2007 00:00,950,2215,4898.43788,1619.026434,1740.142868,3278.275466,7766.554859,1845.829942,15602.29688,4364.58571
21/11/2007 00:00,220,2215,4889.783472,1620.796759,1744.662075,3278.275466,7753.941682,1848.032937,15639.59059,4364.58571
22/11/2007 00:00,-580,2215,4790.278145,1620.781347,1747.227154,3278.275466,7584.801604,1848.032761,15663.27747,4364.58571
23/11/2007 00:00,-1840,2215,4646.260257,1622.717432,1751.483744,3278.275466,7353.134089,1849.92749,15687.18651,4364.58571
25/11/2007 00:00,890,2215,4529.478336,1637.470845,1757.739926,3323.369876,7175.863854,1866.23564,15733.97467,4409.252725
26/11/2007 00:00,630,2215,4617.800533,1638.77932,1771.79808,3323.369876,7308.993707,1868.002736,15864.19508,4409.252725
28/11/2007 00:00,90,2215,4522.791806,1638.686513,1776.859492,3323.369876,7162.305884,1868.141127,15921.83932,4409.252725
29/11/2007 00:00,-450,2215,4407.435749,1638.336274,1771.490621,3323.369876,6970.302599,1867.801049,15882.91246,4409.252725
01/12/2007 00:00,1080,2215,4273.309213,1638.344274,1774.099376,3323.369876,6743.563818,1867.416921,15893.06448,4409.252725
02/12/2007 00:00,-940,2215,4160.013698,1640.601181,1774.535546,3323.369876,6559.784496,1870.171549,15894.62622,4409.252725
04/12/2007 00:00,-1860,2215,4108.983593,1644.589316,1781.391009,3323.369876,6484.059263,1874.530857,15956.89935,4409.252725
05/12/2007 00:00,-120,2215,4053.01741,1659.164757,1789.24181,3368.44367,6401.980736,1890.707945,16027.16499,4453.788177
06/12/2007 00:00,-450,2215,4186.135153,1659.273405,1791.92657,3368.44367,6599.618707,1890.817852,16049.00519,4453.788177
08/12/2007 00:00,-3950,2215,4060.513173,1660.748374,1810.495366,3368.44367,6410.166653,1892.353268,16201.03383,4453.788177
09/12/2007 00:00,-2380,2410,4032.671696,1716.32871,1791.035311,3549.421748,6366.96608,1955.08578,16037.67652,4630.003288
11/12/2007 00:00,-3720,2440,4981.454976,1738.40124,1796.952126,3561.663847,7903.076385,1979.694698,16091.15118,4665.135427
12/12/2007 00:00,50,2530,5180.319471,1788.172479,1790.413277,3747.374385,8241.442033,2035.681622,16040.80695,4808.424215
14/12/2007 00:00,870,2530,5804.136062,1787.933609,1785.47143,3747.374385,9120.530804,2035.451657,16003.73244,4808.424215
15/12/2007 00:00,-440,2530,5627.320555,1789.134828,1801.558431,3747.374385,8893.785498,2037.072567,16149.13156,4808.424215
17/12/2007 00:00,870,2530,5493.101372,1790.098556,1812.500315,3747.374385,8740.921644,2038.092191,16243.12629,4808.424215
18/12/2007 00:00,-3250,2530,5338.883347,1791.166967,1826.561006,3747.374385,8517.197433,2039.584254,16374.31438,4808.424215
20/12/2007 00:00,-2160,2720,5215.44678,1829.186491,1831.181074,3869.221458,8307.687811,2082.180488,16413.24607,4915.938255
21/12/2007 00:00,-350,2720,5661.26181,1846.883383,1840.155318,3923.705072,8956.960415,2101.785133,16485.38785,4965.546229
22/12/2007 00:00,-770,2720,5747.038822,1847.707262,1855.552843,3923.705072,9065.78402,2102.635796,16613.77499,4965.546229
24/12/2007 00:00,140,2720,5580.278199,1850.614445,1875.519962,3923.705072,8841.171471,2105.74213,16782.61419,4965.546229
25/12/2007 00:00,-550,2720,5446.739118,1850.33091,1872.782072,3923.705072,8667.750829,2105.484299,16767.87216,4965.546229
27/12/2007 00:00,-790,2720,5281.32979,1851.518976,1880.739916,3923.705072,8417.587184,2106.755112,16837.43018,4965.546229
28/12/2007 00:00,3710,2720,5140.98201,1854.690014,1898.367178,3923.705072,8194.339146,2110.102556,16978.79068,4965.546229
30/12/2007 00:00,840,2720,5025.876542,1891.472008,1899.165832,3923.705072,7982.628781,2153.331951,16991.3221,4965.546229
31/12/2007 00:00,650,2720,5636.548968,1892.561404,1911.666403,3923.705072,8916.984522,2154.760658,17099.51402,4965.546229
02/01/2008 00:00,-40,2720,5499.346573,1892.79546,1925.878116,3923.705072,8745.3002,2155.235651,17233.51631,4965.546229
03/01/2008 00:00,-1010,2720,5352.338596,1890.799214,1906.224915,3923.705072,8547.380687,2153.117594,17066.97959,4965.546229
04/01/2008 00:00,-750,2720,5189.691626,1895.50832,1921.527393,3923.705072,8264.473719,2158.154314,17188.65417,4965.546229
06/01/2008 00:00,3500,2720,5097.112206,1898.445891,1939.41222,3923.705072,8099.645194,2161.243023,17331.638,4965.546229
07/01/2008 00:00,-2950,2720,4979.793348,1929.922738,1931.797114,3923.705072,7898.578836,2198.219703,17260.86366,4965.546229
09/01/2008 00:00,-3025,2915,5517.605836,1959.889787,1933.313964,4017.575382,8773.956119,2231.622548,17266.4144,5046.370997
10/01/2008 00:00,870,2987.5,5828.520657,1990.360851,1932.528482,4114.331994,9166.140685,2265.697508,17265.50726,5127.149891
12/01/2008 00:00,1045,2987.5,6128.562319,1991.400902,1950.179872,4114.331994,9552.920184,2267.11338,17421.72673,5127.149891
13/01/2008 00:00,-425,2987.5,5976.048007,1992.691086,1959.05507,4114.331994,9337.823809,2268.945463,17511.20645,5127.149891
15/01/2008 00:00,-1395,2987.5,5845.403269,1993.223703,1964.567943,4114.331994,9191.874585,2269.510507,17559.02043,5127.149891
16/01/2008 00:00,125,2987.5,5678.911686,2000.913697,1982.543318,4114.331994,8978.398932,2277.882211,17708.04789,5127.149891
18/01/2008 00:00,-30,2987.5,5617.114164,2000.24613,1965.103908,4114.331994,8884.570335,2276.935322,17553.95914,5127.149891
19/01/2008 00:00,-1200,2987.5,5446.353298,2000.428262,1965.196538,4114.331994,8667.750829,2277.097371,17548.18437,5127.149891
20/01/2008 00:00,760,2987.5,5280.745797,2006.397006,1982.199077,4114.331994,8417.587184,2283.533516,17685.7913,5127.149891
22/01/2008 00:00,-490,2987.5,5209.369383,2006.053677,1982.098794,4114.331994,8298.617965,2283.469377,17700.09987,5127.149891
23/01/2008 00:00,-310,2987.5,5080.886526,2007.536841,2003.723934,4114.331994,8070.160947,2284.999615,17876.9759,5127.149891
25/01/2008 00:00,-310,2987.5,4943.364458,2007.972634,2012.673101,4114.331994,7832.272132,2285.452276,17952.52405,5127.149891
26/01/2008 00:00,-1870,2987.5,4800.57533,2008.857477,2022.000357,4114.331994,7609.388805,2286.299951,18017.65484,5127.149891
28/01/2008 00:00,-195,2987.5,4662.367912,2021.567472,2028.964894,4133.55426,7385.462841,2300.23207,18067.90089,5164.188425
29/01/2008 00:00,-1920,2987.5,4756.224006,2022.110162,2034.157327,4133.55426,7524.119056,2300.735823,18099.08771,5164.188425
31/01/2008 00:00,2320,2987.5,4615.030532,2035.139498,2048.884226,4169.141779,7302.291825,2315.109546,18226.07489,5174.653187
01/02/2008 00:00,1710,2987.5,4724.898551,2047.236516,2056.522107,4169.141779,7485.820215,2329.577547,18286.71119,5174.653187
02/02/2008 00:00,1430,2987.5,4907.033687,2053.053475,2069.625129,4169.141779,7787.775139,2336.72835,18406.32169,5174.653187
04/02/2008 00:00,-120,2987.5,4928.677629,2056.845118,2085.449398,4169.141779,7814.949108,2341.451029,18544.20533,5174.653187
05/02/2008 00:00,-25,2987.5,4897.100128,2056.823896,2084.97064,4169.141779,7763.745087,2341.42963,18540.34922,5174.653187
07/02/2008 00:00,425,2987.5,4749.607813,2056.901677,2085.844664,4169.141779,7514.180825,2341.502717,18545.57603,5174.653187
08/02/2008 00:00,430,2987.5,4605.225093,2056.965044,2089.52177,4169.141779,7284.542717,2341.60299,18577.74275,5174.653187
10/02/2008 00:00,-1870,2987.5,4474.625961,2056.584946,2097.094088,4169.141779,7075.144232,2341.336497,18658.32873,5174.653187
11/02/2008 00:00,310,2987.5,4348.55104,2069.112216,2099.494493,4204.900775,6872.768686,2355.073841,18671.15832,5207.008521
13/02/2008 00:00,130,2987.5,4468.059434,2068.877401,2107.421794,4204.900775,7059.380257,2354.906787,18717.32909,5207.008521
14/02/2008 00:00,-500,2987.5,4336.816512,2068.678322,2116.01207,4204.900775,6848.971936,2354.728235,18830.01549,5207.008521
16/02/2008 00:00,-210,2987.5,4205.223903,2070.227548,2136.678279,4204.900775,6631.043892,2356.313765,18995.48047,5207.008521
17/02/2008 00:00,745,2987.5,4098.74151,2070.825181,2140.546365,4204.900775,6464.927081,2356.867353,19012.81192,5207.008521
18/02/2008 00:00,855,2987.5,3978.725849,2071.356842,2161.257249,4204.900775,6285.629319,2357.681846,19200.58357,5207.008521
20/02/2008 00:00,-685,2987.5,3895.366526,2072.15661,2181.607644,4204.900775,6150.755645,2358.847198,19385.19248,5207.008521
21/02/2008 00:00,-580,2987.5,3828.343381,2074.36288,2205.598833,4204.900775,6049.491317,2361.186936,19587.78257,5207.008521
23/02/2008 00:00,495,2987.5,3754.241405,2076.128035,2213.418472,4204.900775,5933.567058,2362.894576,19638.03731,5207.008521
24/02/2008 00:00,-140,2987.5,3671.688248,2076.285456,2219.709368,4204.900775,5806.820096,2363.14339,19690.60266,5207.008521
26/02/2008 00:00,1780,2987.5,3576.850707,2076.650698,2214.917435,4204.900775,5665.233495,2363.401603,19637.53961,5207.008521
27/02/2008 00:00,-860,2987.5,3470.802269,2082.491022,2222.591814,4204.900775,5505.052479,2370.66366,19715.96703,5207.008521
29/02/2008 00:00,-480,2987.5,3622.641574,2085.92604,2241.919825,4204.900775,5739.928764,2374.275663,19868.88745,5207.008521
01/03/2008 00:00,615,2987.5,3581.104924,2086.317171,2243.336299,4204.900775,5672.625932,2374.324648,19864.5098,5207.008521
02/03/2008 00:00,120,2987.5,3495.55465,2085.701687,2241.525801,4204.900775,5540.235883,2373.551048,19849.81579,5207.008521
04/03/2008 00:00,300,2987.5,3417.667491,2085.7514,2235.823734,4204.900775,5428.350009,2373.570129,19797.15195,5207.008521
05/03/2008 00:00,290,2987.5,3314.071007,2085.690648,2231.165495,4204.900775,5274.741571,2373.468482,19756.13361,5207.008521
07/03/2008 00:00,-420,2987.5,3219.192672,2085.644504,2239.466172,4204.900775,5141.2874,2373.465142,19831.48352,5207.008521
08/03/2008 00:00,-15,2987.5,3126.904349,2086.443835,2253.704379,4204.900775,5007.834358,2374.302248,19950.58028,5207.008521
10/03/2008 00:00,1050,2987.5,3052.788087,2086.536009,2238.232727,4204.900775,4909.54403,2374.272381,19807.88195,5207.008521
11/03/2008 00:00,-1190,2987.5,2960.140025,2088.242775,2256.878146,4204.900775,4793.56339,2376.489958,19970.92234,5207.008521
13/03/2008 00:00,-320,2987.5,2973.391167,2090.738205,2254.953907,4204.900775,4810.714435,2379.244005,19956.18104,5207.008521
14/03/2008 00:00,765,2987.5,3036.481511,2091.626105,2260.371946,4204.900775,4892.810691,2380.071877,19985.52385,5207.008521
16/03/2008 00:00,-930,2987.5,2957.393895,2092.303377,2279.471304,4204.900775,4789.670362,2381.029884,20154.05856,5207.008521
17/03/2008 00:00,610,2987.5,2920.929507,2096.082908,2299.976355,4204.900775,4742.56271,2385.056977,20328.64828,5207.008521
18/03/2008 00:00,-920,2987.5,2930.296376,2094.522841,2299.682657,4204.900775,4752.47637,2383.616344,20336.71261,5207.008521
20/03/2008 00:00,590,2987.5,2874.495868,2098.288989,2321.673093,4204.900775,4679.206644,2387.601885,20512.60146,5207.008521
21/03/2008 00:00,-3010,2987.5,2884.805729,2097.561952,2322.951987,4204.900775,4693.921135,2387.045707,20542.16249,5207.008521
23/03/2008 00:00,-490,3017.5,2948.276343,2126.313682,2333.228533,4490.269515,4779.97993,2419.108643,20630.12161,5431.284127
24/03/2008 00:00,1950,3017.5,3771.39139,2127.506048,2354.307751,4490.269515,5958.395206,2420.35525,20806.62754,5431.284127
26/03/2008 00:00,-450,3017.5,3681.722972,2134.088982,2350.8252,4490.269515,5820.155954,2428.578794,20791.29541,5431.284127
27/03/2008 00:00,850,3017.5,3885.736301,2132.848348,2353.635043,4490.269515,6139.069111,2426.665097,20797.33224,5431.284127
29/03/2008 00:00,-2200,3017.5,3788.326449,2133.765138,2361.174845,4490.269515,5981.479359,2427.858182,20863.82419,5431.284127
30/03/2008 00:00,40,3017.5,3729.852628,2149.840363,2363.589043,4490.164323,5897.021939,2445.508801,20872.48087,5440.800513
31/03/2008 00:00,1030,3017.5,4042.883887,2149.526207,2360.359861,4490.164323,6384.378358,2445.204237,20851.46197,5440.800513
02/04/2008 00:00,-3650,3017.5,3919.722735,2150.753967,2359.511238,4490.164323,6187.483362,2446.727369,20843.75629,5440.800513
03/04/2008 00:00,1400,3137.5,3882.413326,2190.197111,2349.090805,4629.098373,6132.098395,2490.951681,20761.26702,5569.169308
05/04/2008 00:00,880,3137.5,4798.317452,2192.918219,2357.058974,4629.098373,7606.784902,2494.552764,20844.95272,5569.169308
06/04/2008 00:00,240,3137.5,4778.644533,2193.289808,2369.076665,4629.098373,7561.810361,2495.301855,20965.06461,5569.169308
08/04/2008 00:00,-2650,3137.5,4681.746179,2193.286416,2369.250837,4629.098373,7421.897147,2495.303797,20966.46139,5569.169308
09/04/2008 00:00,-1650,3137.5,4541.864203,2215.187815,2384.700164,4759.746228,7197.975653,2519.623431,21099.23487,5692.106662
11/04/2008 00:00,670,3137.5,4909.23769,2224.239618,2403.425206,4759.746228,7787.775139,2529.550939,21262.56214,5692.106662
12/04/2008 00:00,920,3137.5,4951.451796,2224.655641,2413.458554,4759.746228,7845.353868,2530.120787,21349.46517,5692.106662
14/04/2008 00:00,1150,3137.5,4827.016439,2225.605284,2437.753584,4759.746228,7659.562767,2531.476782,21568.38133,5692.106662
15/04/2008 00:00,420,3137.5,4732.858082,2227.172403,2455.08529,4759.746228,7499.338114,2533.653816,21732.25424,5692.106662
16/04/2008 00:00,2570,3137.5,4674.35536,2227.052623,2470.355521,4759.746228,7403.002044,2533.638947,21874.60709,5692.106662
18/04/2008 00:00,-600,3137.5,4542.061505,2240.248823,2480.134491,4759.746228,7197.975653,2549.538127,21969.00129,5692.106662
19/04/2008 00:00,750,3137.5,4851.050787,2242.059679,2508.652384,4759.746228,7700.091881,2551.426309,22204.95677,5692.106662
21/04/2008 00:00,950,3137.5,4731.799155,2242.458792,2533.262519,4759.746228,7498.104914,2552.099143,22425.30113,5692.106662
22/04/2008 00:00,300,3137.5,4622.75807,2243.613681,2547.742345,4759.746228,7317.962602,2553.608709,22553.48206,5692.106662
24/04/2008 00:00,-320,3137.5,4540.952453,2243.324979,2555.466089,4759.746228,7196.916437,2553.382832,22631.41187,5692.106662
25/04/2008 00:00,-920,3137.5,4407.440787,2244.218537,2568.029918,4759.746228,6970.302599,2554.255058,22723.97991,5692.106662
27/04/2008 00:00,890,3137.5,4283.225111,2247.762993,2599.280039,4759.746228,6766.839117,2558.024487,22983.33381,5692.106662
28/04/2008 00:00,-1570,3137.5,4224.734457,2248.707926,2620.476716,4759.746228,6655.975053,2559.30808,23169.61763,5692.106662
29/04/2008 00:00,1770,3137.5,4152.327326,2257.075001,2646.654432,4759.746228,6551.625463,2568.454034,23393.5271,5692.106662
01/05/2008 00:00,-680,3137.5,4230.588072,2262.708875,2663.344565,4759.746228,6669.356131,2575.360123,23537.64666,5692.106662
02/05/2008 00:00,1250,3137.5,4330.930738,2265.028127,2687.298821,4759.746228,6841.108748,2577.746272,23726.88378,5692.106662
04/05/2008 00:00,510,3137.5,4239.311147,2266.670798,2687.569996,4759.746228,6682.842505,2579.753493,23727.61762,5692.106662
05/05/2008 00:00,100,3137.5,4223.401362,2266.360042,2701.965755,4759.746228,6655.975053,2579.586835,23868.34966,5692.106662
07/05/2008 00:00,-430,3137.5,4111.904323,2266.44203,2694.143587,4759.746228,6489.769798,2579.628327,23795.57619,5692.106662
08/05/2008 00:00,1060,3137.5,3986.893639,2267.202483,2709.932399,4759.746228,6296.469367,2580.423805,23928.05861,5692.106662
10/05/2008 00:00,-470,3137.5,3884.255943,2268.105958,2710.458092,4759.746228,6134.418523,2581.540456,23931.77597,5692.106662
11/05/2008 00:00,-470,3137.5,3853.819948,2268.586005,2718.77186,4759.746228,6090.840466,2582.049643,24002.48991,5692.106662
13/05/2008 00:00,430,3137.5,3759.295676,2269.537322,2738.071887,4759.746228,5941.802917,2583.046308,24164.02664,5692.106662
14/05/2008 00:00,2090,3137.5,3668.222624,2269.529492,2737.378649,4759.746228,5802.556602,2583.034424,24158.25114,5692.106662
15/05/2008 00:00,-690,3137.5,3425.808069,2272.345499,2747.38617,4759.746228,5441.056113,2587.213269,24272.77946,5692.106662
17/05/2008 00:00,1670,3137.5,3678.741643,2273.846788,2739.881948,4759.746228,5817.28949,2588.822539,24193.30065,5692.106662
18/05/2008 00:00,2250,3137.5,3611.529675,2278.131186,2758.41284,4759.746228,5721.812051,2594.261239,24367.05189,5692.106662
20/05/2008 00:00,-120,3137.5,3720.242833,2287.339191,2753.771213,4759.746228,5878.069164,2605.276651,24322.33673,5692.106662
21/05/2008 00:00,-1130,3137.5,3989.66688,2286.943273,2743.959498,4759.746228,6297.748478,2604.869674,24241.63324,5692.106662
23/05/2008 00:00,-760,3137.5,3870.204419,2290.09233,2748.849264,4759.746228,6117.086326,2608.317206,24286.84318,5692.106662
24/05/2008 00:00,-200,3137.5,3860.498879,2292.856992,2775.933348,4759.746228,6101.628475,2611.190339,24502.71654,5692.106662
26/05/2008 00:00,630,3137.5,3794.150308,2292.995593,2779.060219,4759.746228,5989.948255,2611.331649,24529.17253,5692.106662
27/05/2008 00:00,1060,3137.5,3683.40061,2293.272512,2793.627218,4759.746228,5821.111897,2611.747957,24656.48959,5692.106662
28/05/2008 00:00,680,3137.5,3599.795582,2294.548619,2822.051569,4759.746228,5702.5733,2613.507103,24911.06809,5692.106662
30/05/2008 00:00,640,3137.5,3577.391076,2292.173311,2813.293164,4759.746228,5665.667334,2611.202399,24857.06609,5692.106662
31/05/2008 00:00,1480,3137.5,3503.070424,2292.455207,2828.279543,4759.746228,5549.456867,2611.627322,24989.40268,5692.106662
02/06/2008 00:00,1050,3137.5,3427.449303,2294.678505,2826.693722,4759.746228,5444.061662,2614.314313,24973.78966,5692.106662
03/06/2008 00:00,-300,3137.5,3503.512279,2293.543701,2823.001256,4759.746228,5550.261057,2613.524035,24962.58322,5692.106662
05/06/2008 00:00,870,3137.5,3484.645118,2292.961695,2813.231146,4759.746228,5523.92997,2612.906777,24879.36815,5692.106662
06/06/2008 00:00,280,3137.5,3388.942182,2290.854521,2807.676633,4759.746228,5389.762666,2610.970442,24852.18885,5692.106662
08/06/2008 00:00,-300,3137.5,3347.153588,2290.616394,2815.500178,4759.746228,5328.50647,2610.7792,24929.24317,5692.106662
09/06/2008 00:00,-750,3137.5,3250.305921,2290.523477,2813.596723,4759.746228,5186.214038,2610.681489,24913.15196,5692.106662
11/06/2008 00:00,1430,3137.5,3162.492985,2292.68452,2839.003439,4759.746228,5063.928711,2612.994175,25130.29949,5692.106662
12/06/2008 00:00,120,3137.5,3126.989397,2295.126947,2858.953836,4759.746228,5007.834358,2616.26433,25319.37512,5692.106662
13/06/2008 00:00,700,3137.5,3215.447997,2294.753499,2855.866072,4759.746228,5138.829108,2615.906402,25301.5577,5692.106662
15/06/2008 00:00,-500,3137.5,3118.044831,2294.986552,2880.971402,4759.746228,4997.492015,2616.351114,25528.14207,5692.106662
16/06/2008 00:00,700,3137.5,3065.281194,2295.919444,2897.4255,4759.746228,4928.318653,2617.338323,25667.55292,5692.106662
18/06/2008 00:00,240,3137.5,3001.512211,2295.961472,2921.65896,4759.746228,4846.65413,2617.602057,25891.73635,5692.106662
19/06/2008 00:00,1610,3137.5,2953.914093,2295.726215,2926.699647,4759.746228,4786.515155,2617.402449,25943.67334,5692.106662
21/06/2008 00:00,780,3137.5,2867.927487,2298.580786,2934.033212,4759.746228,4672.01598,2621.252575,26026.79976,5692.106662
22/06/2008 00:00,430,3137.5,3032.609875,2297.683957,2938.335941,4759.746228,4888.13291,2620.577618,26087.06696,5692.106662
24/06/2008 00:00,-200,3137.5,2994.750478,2297.47686,2953.081163,4759.746228,4841.611495,2620.459799,26226.0856,5692.106662
25/06/2008 00:00,-200,3137.5,2918.803144,2297.771641,2959.622748,4759.746228,4740.916085,2620.759647,26278.80191,5692.106662
26/06/2008 00:00,50,3137.5,2836.167338,2298.434545,2963.166824,4759.746228,4638.504293,2621.390928,26294.62116,5692.106662
28/06/2008 00:00,840,3137.5,2756.231584,2298.484931,2962.862222,4759.746228,4537.67959,2621.436999,26290.47538,5692.106662
29/06/2008 00:00,-960,3137.5,2672.269585,2298.557937,2963.347053,4759.746228,4427.853194,2621.52938,26294.60547,5692.106662
01/07/2008 00:00,1620,3137.5,2662.910798,2302.55933,2983.473103,4759.746228,4414.98032,2625.699947,26447.95376,5692.106662
02/07/2008 00:00,-460,3137.5,2695.93167,2306.587008,3008.730095,4759.746228,4456.484502,2630.733828,26670.62703,5692.106662
04/07/2008 00:00,700,3137.5,2883.73947,2307.229534,3020.169417,4759.746228,4692.556218,2631.414595,26767.59549,5692.106662
05/07/2008 00:00,0,3137.5,2822.911154,2307.386937,3045.639639,4759.746228,4619.06793,2631.781377,26999.5889,5692.106662
07/07/2008 00:00,1050,3137.5,2783.482565,2307.648186,3038.371401,4759.746228,4569.843326,2631.996195,26927.04068,5692.106662
08/07/2008 00:00,890,3137.5,2698.901575,2308.788058,3068.48968,4759.746228,4461.341188,2633.575955,27196.94747,5692.106662
10/07/2008 00:00,-3120,3137.5,2729.77192,2309.346999,3098.009238,4759.746228,4501.190378,2634.46103,27464.72526,5692.106662
11/07/2008 00:00,1050,3185,2840.968078,2337.951083,3113.338164,4743.121289,4643.127326,2666.314028,27594.1416,5687.101094
12/07/2008 00:00,1260,3185,3752.77001,2336.712138,3111.947362,4743.121289,5931.51451,2665.398612,27606.0048,5687.101094
14/07/2008 00:00,1570,3185,3727.58589,2335.586543,3107.927582,4743.121289,5894.013115,2664.712109,27593.70728,5687.101094
15/07/2008 00:00,420,3185,3744.407005,2337.761557,3116.006685,4743.121289,5916.715974,2667.786603,27685.47632,5687.101094
17/07/2008 00:00,600,3185,3832.790092,2337.185039,3124.487004,4743.121289,6057.787128,2667.292165,27776.60831,5687.101094
18/07/2008 00:00,740,3185,3728.345968,2337.178834,3146.473039,4743.121289,5894.013115,2667.433634,27978.45416,5687.101094
20/07/2008 00:00,-180,3185,3642.399211,2337.476524,3170.992464,4743.121289,5760.538549,2667.937831,28199.69722,5687.101094
21/07/2008 00:00,110,3185,3575.65594,2337.902508,3177.87309,4743.121289,5663.499104,2668.364686,28252.52061,5687.101094
23/07/2008 00:00,-20,3185,3471.423224,2337.443399,3172.959966,4743.121289,5506.225947,2667.914447,28218.91425,5687.101094
24/07/2008 00:00,460,3185,3366.088565,2337.674579,3172.362779,4743.121289,5360.96287,2668.129776,28207.51212,5687.101094
25/07/2008 00:00,-480,3185,3263.952153,2337.459235,3187.652609,4743.121289,5208.570847,2668.008336,28352.35006,5687.101094
27/07/2008 00:00,740,3185,3182.205895,2339.097557,3204.702197,4743.121289,5091.631967,2669.658066,28480.1238,5687.101094
28/07/2008 00:00,1420,3185,3114.012917,2339.186189,3230.733267,4743.121289,4992.20635,2669.972279,28720.92296,5687.101094
30/07/2008 00:00,2100,3185,3070.752281,2341.687222,3453.371341,4743.121289,4937.40039,2673.236744,92513.88644,5687.101094
31/07/2008 00:00,280,3185,3176.826517,2348.885534,3476.931683,4743.121289,5081.849144,2682.01964,96136.77902,5687.101094
02/08/2008 00:00,670,3185,3497.068686,2348.840031,3473.142,4743.121289,5541.835561,2681.990816,84577.21912,5687.101094
03/08/2008 00:00,1670,3185,3395.855849,2349.05585,3465.086239,4743.121289,5399.96459,2682.307991,66517.51261,5687.101094
05/08/2008 00:00,-470,3185,3330.788501,2352.982351,3465.705255,4743.121289,5303.941415,2687.252177,52361.53048,5687.101094
06/08/2008 00:00,-150,3185,3484.818287,2354.538098,3449.732697,4743.121289,5523.92997,2688.848091,42802.34697,5687.101094
08/08/2008 00:00,-1280,3185,3403.940725,2355.009283,3447.454781,4743.121289,5408.758703,2689.312166,41569.73,5687.101094
09/08/2008 00:00,620,3185,3303.944014,2360.87314,3434.039421,4743.121289,5264.026173,2695.686409,34591.73087,5687.101094
10/08/2008 00:00,300,3185,3376.201366,2360.828605,3413.37842,4743.121289,5372.421582,2695.795618,30557.94486,5687.101094
12/08/2008 00:00,-1880,3185,3306.06153,2360.576349,3405.444176,4743.121289,5266.36505,2695.585277,29437.70854,5687.101094
13/08/2008 00:00,-560,3185,3211.968295,2372.235589,3413.236236,4747.010933,5134.535461,2708.368936,27821.03284,5713.866225
15/08/2008 00:00,400,3185,3478.510698,2374.053956,3394.275608,4747.010933,5515.643069,2710.26281,25265.24948,5713.866225
16/08/2008 00:00,770,3185,3407.466525,2374.029387,3387.826171,4747.010933,5413.909705,2710.278362,24618.47405,5713.866225
18/08/2008 00:00,0,3185,3316.079176,2374.297461,3367.855439,4747.010933,5279.790099,2710.771935,22668.75831,5713.866225
19/08/2008 00:00,0,3185,3267.804327,2374.297461,3367.855648,4747.010933,5214.05526,2710.771935,22668.76682,5713.866225
21/08/2008 00:00,-100,3185,3168.452819,2373.940858,3371.184295,4747.010933,5072.129091,2710.412915,22999.18321,5713.866225
22/08/2008 00:00,620,3185,3072.134197,2374.268028,3370.434824,4747.010933,4939.546307,2710.732389,22875.27213,5713.866225
23/08/2008 00:00,620,3185,2980.805036,2374.005231,3352.365698,4747.010933,4821.349248,2710.629415,21485.39323,5713.866225
25/08/2008 00:00,780,3185,2926.99813,2373.983507,3334.855871,4747.010933,4749.401364,2710.758931,20264.06833,5713.866225
26/08/2008 00:00,120,3185,2875.501744,2374.234296,3315.796765,4747.010933,4680.783721,2711.241442,19015.779,5713.866225
28/08/2008 00:00,780,3185,2850.233763,2374.156651,3314.987727,4747.010933,4652.184302,2711.169967,18982.31084,5713.866225
29/08/2008 00:00,300,3185,2764.080813,2373.719905,3300.577062,4747.010933,4548.191807,2710.963844,18192.16599,5713.866225
31/08/2008 00:00,940,3185,2744.661548,2373.300317,3295.131385,4747.010933,4522.353871,2710.588016,17970.43595,5713.866225
01/09/2008 00:00,420,3185,2669.021742,2373.738777,3276.367278,4747.010933,4423.106316,2711.364193,16949.61445,5713.866225
03/09/2008 00:00,680,3185,2686.468823,2373.501731,3266.576129,4747.010933,4446.623266,2711.200409,16547.82026,5713.866225
04/09/2008 00:00,120,3185,2622.172461,2373.69575,3261.486702,4747.010933,4360.135054,2711.480956,16291.42966,5713.866225
06/09/2008 00:00,20,3185,2593.386698,2373.034637,3278.911234,4747.010933,4323.123008,2710.478826,17200.57465,5713.866225
07/09/2008 00:00,680,3185,2515.12534,2373.288191,3291.474208,4747.010933,4220.307215,2710.63239,17772.46407,5713.866225
08/09/2008 00:00,1120,3185,2438.58164,2370.189072,3293.258784,4747.010933,4119.30738,2707.518832,18102.87028,5713.866225
10/09/2008 00:00,-1680,3185,2419.151306,2371.429042,3279.36064,4747.010933,4092.352228,2709.204531,17165.15009,5713.866225
11/09/2008 00:00,-190,3185,2500.466036,2381.167226,3295.171505,4747.010933,4200.456389,2719.699906,17193.92621,5713.866225
13/09/2008 00:00,750,3185,2793.92725,2378.75315,3311.24077,4747.010933,4582.691886,2717.108983,18160.11189,5713.866225
14/09/2008 00:00,250,3185,2715.368014,2378.922779,3292.912018,4747.010933,4480.543898,2717.489771,17219.03128,5713.866225
16/09/2008 00:00,1880,3185,2693.361165,2377.767666,3297.911458,4747.010933,4453.77237,2716.338283,17558.10431,5713.866225
17/09/2008 00:00,-750,3185,2616.573762,2380.828827,3315.429831,4747.010933,4352.366639,2719.999751,18084.08836,5713.866225
19/09/2008 00:00,440,3185,2936.472621,2376.093342,3303.852683,4747.010933,4763.412485,2714.775491,17895.2092,5713.866225
20/09/2008 00:00,1440,3185,2917.99155,2374.688268,3304.351063,4747.010933,4739.740587,2713.410463,18051.99047,5713.866225
21/09/2008 00:00,-220,3185,2847.018051,2377.058474,3294.973436,4747.010933,4649.527898,2716.527959,17181.49696,5713.866225
23/09/2008 00:00,440,3185,2860.130491,2360.850622,3266.903935,4787.517565,4663.517887,2698.570988,16862.28415,5720.44808
24/09/2008 00:00,250,3185,2780.502936,2351.984023,3259.043823,4787.517565,4564.819805,2688.995499,17162.19196,5720.44808
26/09/2008 00:00,-3130,3185,2713.114398,2351.776074,3255.328274,4787.517565,4478.377663,2688.812612,17018.96509,5720.44808
27/09/2008 00:00,-3130,3190,2746.219069,2380.534114,3308.030752,4727.536939,4524.387208,2720.795378,18091.10236,5699.247424
29/09/2008 00:00,-1190,3190,3691.448735,2409.00132,3361.010658,4785.135787,5833.111758,2752.439121,19269.69999,5722.461999
30/09/2008 00:00,-2000,3190,4398.495638,2414.034476,3349.209672,4785.135787,6955.380564,2757.902448,18188.88723,5722.461999
02/10/2008 00:00,1300,3190,4378.836623,2426.967801,3374.347199,4714.762312,6922.247124,2771.979722,18480.72881,5692.004981
03/10/2008 00:00,1680,3190,4553.575891,2428.846394,3363.374172,4714.762312,7212.857723,2774.446596,17592.8307,5692.004981
05/10/2008 00:00,-1500,3190,4529.292528,2431.821225,3365.277517,4714.762312,7175.863854,2778.411192,17213.5171,5692.004981
06/10/2008 00:00,-1580,3190,4584.783874,2439.796797,3359.295791,4714.762312,7263.642067,2787.064916,16422.57081,5692.004981
07/10/2008 00:00,660,3190,4615.857116,2448.104983,3354.525813,4714.762312,7305.63928,2796.14049,15748.7125,5692.004981
09/10/2008 00:00,1610,3190,4662.546924,2447.7509,3339.480702,4714.762312,7385.462841,2795.95624,15233.295,5692.004981
10/10/2008 00:00,-5700,3190,4547.653256,2451.081407,3346.889292,4714.762312,7204.344133,2800.077779,15134.0523,5692.004981
12/10/2008 00:00,-12410,3450,4764.721297,2533.114846,3463.297717,5027.008395,7537.862359,2892.44079,17874.99913,6235.463987
13/10/2008 00:00,3550,3685,6915.188893,2872.014102,3672.884909,5172.719039,10354.52007,3277.116469,26717.0509,7822.698156
15/10/2008 00:00,3110,3685,12721.13663,2889.844455,3741.387482,5172.719039,17122.72859,3298.671516,30756.44749,7822.698156
16/10/2008 00:00,-400,3685,12703.53329,2903.4509,3788.841288,5172.719039,17122.72859,3315.11353,33072.89238,7822.698156
18/10/2008 00:00,120,3685,12600.79831,2904.811597,3789.515773,5172.719039,17061.85742,3316.416064,32764.40666,7822.698156
19/10/2008 00:00,1500,3685,12223.00756,2904.878821,3790.812932,5172.719039,16314.7136,3316.4756,32928.6644,7822.698156
20/10/2008 00:00,-1320,3685,11850.82876,2906.27071,3783.25928,5172.719039,15914.11897,3318.559671,30577.94908,7822.698156
22/10/2008 00:00,-2650,3685,11559.10413,2911.804292,3768.633365,5172.719039,15591.03262,3324.523485,27675.33528,7822.698156
23/10/2008 00:00,-2380,3685,11269.34922,2929.376182,3802.126889,5244.529601,15210.17487,3343.929567,28363.31014,7900.705277
25/10/2008 00:00,430,3685,11173.52045,2944.026681,3823.061468,5302.687757,15124.82517,3360.03824,28037.17714,7962.273033
26/10/2008 00:00,3300,3685,11035.60655,2943.89959,3814.421039,5302.687757,14897.41975,3359.965468,27232.83482,7962.273033
28/10/2008 00:00,-300,3685,10704.66079,2958.81499,3886.390733,5302.687757,14461.81281,3377.73231,31993.87879,7962.273033
29/10/2008 00:00,1690,3685,10756.51584,2959.865861,3890.366614,5302.687757,14558.30002,3378.714846,32233.65578,7962.273033
31/10/2008 00:00,2050,3685,10433.10534,2962.458256,3883.472414,5302.687757,14038.01192,3382.165553,29829.1484,7962.273033
01/11/2008 00:00,1620,3685,10215.678,2967.159165,3892.100492,5302.687757,13692.13691,3388.081437,28829.01875,7962.273033
03/11/2008 00:00,1490,3685,10056.36565,2969.67957,3897.372656,5302.687757,13459.83633,3391.280698,28177.37532,7962.273033
04/11/2008 00:00,-580,3685,9845.511039,2971.639116,3889.962861,5302.687757,13203.36421,3393.860708,26604.58909,7962.273033
05/11/2008 00:00,620,3685,9627.743785,2967.111947,3887.278902,5302.687757,12975.58254,3388.915895,27149.94815,7962.273033
07/11/2008 00:00,430,3685,9350.151218,2967.047425,3872.652078,5302.687757,12683.6615,3388.958505,25900.1369,7962.273033
08/11/2008 00:00,3010,3685,9079.082781,2965.484167,3875.005241,5302.687757,12371.52027,3387.423905,26349.36176,7962.273033
10/11/2008 00:00,310,3685,8808.869788,2977.212588,3913.189055,5302.687757,12126.92083,3401.720162,27202.21653,7962.273033
11/11/2008 00:00,920,3685,8920.147972,2977.028966,3907.934151,5302.687757,12250.3346,3401.565146,26798.75905,7962.273033
13/11/2008 00:00,-1880,3685,8651.484418,2977.073988,3885.385378,5302.687757,12019.30462,3401.867268,24897.68893,7962.273033
14/11/2008 00:00,-6320,3685,8422.317508,2987.334188,3891.582034,5302.687757,11811.08898,3412.981091,24042.54269,7962.273033
16/11/2008 00:00,-580,3835,8334.804321,3070.892297,4024.862589,5533.676874,11738.72394,3506.953939,30777.99376,8245.104866
17/11/2008 00:00,750,3835,9788.779851,3072.79664,4010.5767,5533.676874,13128.30521,3508.899701,28921.63087,8245.104866
18/11/2008 00:00,-300,3835,9506.023497,3072.844114,3993.967229,5533.676874,12822.28082,3509.099755,27335.24658,8245.104866
20/11/2008 00:00,1300,3835,9236.780747,3073.487065,3987.220883,5533.676874,12516.91352,3509.754788,26679.32583,8245.104866
21/11/2008 00:00,220,3835,8960.370722,3072.992445,3981.964964,5533.676874,12281.9944,3509.712511,25994.85459,8245.104866
23/11/2008 00:00,740,3835,8755.542761,3072.528943,3980.234707,5533.676874,12090.79594,3509.271806,25954.47879,8245.104866
24/11/2008 00:00,660,3835,8490.187138,3072.182139,3961.194469,5533.676874,11879.26351,3509.098808,24612.3977,8245.104866
26/11/2008 00:00,1280,3835,8253.679325,3071.76756,3944.670065,5533.676874,11656.67426,3508.824856,23590.46515,8245.104866
27/11/2008 00:00,2030,3835,8020.080355,3072.913936,3935.977577,5533.676874,11421.38991,3510.377109,22699.5927,8245.104866
29/11/2008 00:00,-1320,3835,7849.421244,3076.848002,3937.514884,5533.676874,11268.35903,3515.463974,21966.84287,8245.104866
30/11/2008 00:00,430,3835,7803.10623,3082.540371,3922.930338,5533.676874,11224.96692,3521.554352,20707.60018,8245.104866
02/12/2008 00:00,-120,3835,7657.498004,3082.316433,3915.04823,5533.676874,11116.30725,3521.385192,20372.6705,8245.104866
03/12/2008 00:00,680,3835,7431.774121,3082.929644,3918.694021,5533.676874,10911.86524,3521.959542,20468.98091,8245.104866
04/12/2008 00:00,2850,3835,7206.779968,3082.759347,3921.927972,5533.676874,10667.96918,3521.714913,20667.07012,8245.104866
06/12/2008 00:00,300,3835,7009.004411,3092.68886,3955.515085,5533.676874,10452.9125,3533.833692,21073.20061,8245.104866
07/12/2008 00:00,1310,3835,7218.816473,3092.123473,3952.010309,5533.676874,10692.82189,3533.30248,20974.51431,8245.104866
09/12/2008 00:00,-320,3835,7002.427117,3091.526038,3945.534382,5533.676874,10437.5762,3533.145326,20552.44145,8245.104866
10/12/2008 00:00,480,3835,6877.465344,3092.315368,3938.97531,5533.676874,10302.68325,3533.950581,20192.46618,8245.104866
12/12/2008 00:00,-350,3835,6675.435739,3090.737089,3939.2828,5533.676874,10107.52902,3532.410426,20347.9461,8245.104866
13/12/2008 00:00,-660,3835,6483.127914,3089.005077,3950.364623,5533.676874,9938.125468,3530.557219,20997.8483,8245.104866
15/12/2008 00:00,0,3835,6294.927661,3091.40424,3942.410239,5533.676874,9750.407209,3532.988307,20415.66346,8245.104866
16/12/2008 00:00,1740,3835,6133.685453,3091.40424,3942.410108,5533.676874,9555.865542,3532.988307,20415.66185,8245.104866
17/12/2008 00:00,930,3835,5946.951787,3093.731722,3933.481912,5533.676874,9308.111804,3536.155906,19591.00501,8245.104866
19/12/2008 00:00,2360,3835,5950.75983,3093.141852,3916.615139,5533.676874,9310.802039,3535.812228,18920.4121,8245.104866
20/12/2008 00:00,880,3835,5820.503985,3099.23383,3935.077974,5533.676874,9150.833414,3543.353856,18917.79737,8245.104866
22/12/2008 00:00,440,3835,5990.588858,3098.691318,3917.483333,5533.676874,9359.636495,3543.032389,18277.83758,8245.104866
23/12/2008 00:00,1480,3835,5853.24429,3098.46491,3910.310335,5533.676874,9202.240301,3542.857487,18045.14026,8245.104866
25/12/2008 00:00,500,3835,5685.328442,3099.600997,3894.837749,5533.676874,8983.182389,3544.596054,17316.95094,8245.104866
26/12/2008 00:00,300,3835,5651.307303,3099.176876,3885.509964,5533.676874,8935.710619,3544.247078,17051.92964,8245.104866
28/12/2008 00:00,-680,3835,5493.420633,3098.836653,3882.021708,5533.676874,8740.921644,3543.935956,16969.91968,8245.104866
29/12/2008 00:00,-1690,3835,5330.700046,3101.208561,3869.046817,5533.676874,8503.251624,3546.396997,16439.32808,8245.104866
31/12/2008 00:00,670,3835,5206.38593,3109.150064,3864.243575,5533.676874,8296.806927,3555.034995,15927.46627,8245.104866
